-- MySQL dump 10.13  Distrib 5.6.20, for osx10.6 (x86_64)
--
-- Host: localhost    Database: bd_sgrh
-- ------------------------------------------------------
-- Server version	5.6.20

/*!40101 SET @OLD_CHARACTER_SET_CLIENT=@@CHARACTER_SET_CLIENT */;
/*!40101 SET @OLD_CHARACTER_SET_RESULTS=@@CHARACTER_SET_RESULTS */;
/*!40101 SET @OLD_COLLATION_CONNECTION=@@COLLATION_CONNECTION */;
/*!40101 SET NAMES utf8 */;
/*!40103 SET @OLD_TIME_ZONE=@@TIME_ZONE */;
/*!40103 SET TIME_ZONE='+00:00' */;
/*!40014 SET @OLD_UNIQUE_CHECKS=@@UNIQUE_CHECKS, UNIQUE_CHECKS=0 */;
/*!40014 SET @OLD_FOREIGN_KEY_CHECKS=@@FOREIGN_KEY_CHECKS, FOREIGN_KEY_CHECKS=0 */;
/*!40101 SET @OLD_SQL_MODE=@@SQL_MODE, SQL_MODE='NO_AUTO_VALUE_ON_ZERO' */;
/*!40111 SET @OLD_SQL_NOTES=@@SQL_NOTES, SQL_NOTES=0 */;

--
-- Table structure for table `acciones`
--

DROP TABLE IF EXISTS `acciones`;
/*!40101 SET @saved_cs_client     = @@character_set_client */;
/*!40101 SET character_set_client = utf8 */;
CREATE TABLE `acciones` (
  `ACC_ID` int(11) NOT NULL AUTO_INCREMENT,
  `ACC_DESCRIPCION` varchar(50) COLLATE utf8_bin NOT NULL,
  `ACTIVADO` tinyint(1) NOT NULL DEFAULT '1',
  `CREADO` datetime NOT NULL DEFAULT '0000-00-00 00:00:00',
  `MODIFICADO` timestamp NOT NULL DEFAULT CURRENT_TIMESTAMP ON UPDATE CURRENT_TIMESTAMP,
  PRIMARY KEY (`ACC_ID`)
) ENGINE=InnoDB AUTO_INCREMENT=5 DEFAULT CHARSET=utf8 COLLATE=utf8_bin;
/*!40101 SET character_set_client = @saved_cs_client */;

--
-- Dumping data for table `acciones`
--

LOCK TABLES `acciones` WRITE;
/*!40000 ALTER TABLE `acciones` DISABLE KEYS */;
INSERT INTO `acciones` VALUES (1,'Crear',1,'2015-03-31 00:44:16','2015-03-31 05:44:16'),(2,'Ver',1,'2015-03-31 00:44:16','2015-03-31 05:44:16'),(3,'Editar',1,'2015-03-31 00:44:16','2015-03-31 05:44:16'),(4,'Eliminar',1,'2015-03-31 00:44:16','2015-03-31 05:44:16');
/*!40000 ALTER TABLE `acciones` ENABLE KEYS */;
UNLOCK TABLES;

--
-- Table structure for table `anticipos`
--

DROP TABLE IF EXISTS `anticipos`;
/*!40101 SET @saved_cs_client     = @@character_set_client */;
/*!40101 SET character_set_client = utf8 */;
CREATE TABLE `anticipos` (
  `ANT_ID` int(11) NOT NULL,
  `ANT_FECHA` date NOT NULL,
  `ANT_MONTO` double NOT NULL,
  `ANT_OPCIONES` enum('ROL','DECIMO','UTILIDADES','OTRO') NOT NULL,
  `CREADO` datetime NOT NULL DEFAULT '0000-00-00 00:00:00',
  `EMPLEADO_ID` int(11) NOT NULL,
  KEY `FK_EMPLEADO_ID` (`EMPLEADO_ID`),
  CONSTRAINT `FK_ANT_EMPLEADO_ID` FOREIGN KEY (`EMPLEADO_ID`) REFERENCES `empleados` (`EMP_ID`)
) ENGINE=InnoDB DEFAULT CHARSET=utf8;
/*!40101 SET character_set_client = @saved_cs_client */;

--
-- Dumping data for table `anticipos`
--

LOCK TABLES `anticipos` WRITE;
/*!40000 ALTER TABLE `anticipos` DISABLE KEYS */;
/*!40000 ALTER TABLE `anticipos` ENABLE KEYS */;
UNLOCK TABLES;

--
-- Table structure for table `cantones`
--

DROP TABLE IF EXISTS `cantones`;
/*!40101 SET @saved_cs_client     = @@character_set_client */;
/*!40101 SET character_set_client = utf8 */;
CREATE TABLE `cantones` (
  `CNT_ID` int(11) NOT NULL AUTO_INCREMENT,
  `CNT_NOMBRE` varchar(60) DEFAULT NULL,
  `CREADO` datetime NOT NULL DEFAULT '0000-00-00 00:00:00',
  `CNT_MODIFICADO` timestamp NOT NULL DEFAULT CURRENT_TIMESTAMP ON UPDATE CURRENT_TIMESTAMP,
  `PROVINCIA_ID` int(11) DEFAULT NULL,
  PRIMARY KEY (`CNT_ID`),
  KEY `FK_PROVINCIA_ID` (`PROVINCIA_ID`),
  CONSTRAINT `FK_PROVINCIA_ID` FOREIGN KEY (`PROVINCIA_ID`) REFERENCES `provincias` (`PRV_ID`)
) ENGINE=InnoDB AUTO_INCREMENT=225 DEFAULT CHARSET=utf8;
/*!40101 SET character_set_client = @saved_cs_client */;

--
-- Dumping data for table `cantones`
--

LOCK TABLES `cantones` WRITE;
/*!40000 ALTER TABLE `cantones` DISABLE KEYS */;
INSERT INTO `cantones` VALUES (1,'Camilo Ponce Enriquez','2015-04-05 16:33:53','2015-04-05 21:33:53',1),(2,'Chordeleg','2015-04-05 16:33:53','2015-04-05 21:33:53',1),(3,'Cuenca','2015-04-05 16:33:53','2015-04-05 21:33:53',1),(4,'El Pan','2015-04-05 16:33:53','2015-04-05 21:33:53',1),(5,'Giron','2015-04-05 16:33:53','2015-04-05 21:33:53',1),(6,'Guachapala','2015-04-05 16:33:53','2015-04-05 21:33:53',1),(7,'Gualaceo','2015-04-05 16:33:53','2015-04-05 21:33:53',1),(8,'Nabon','2015-04-05 16:33:53','2015-04-05 21:33:53',1),(9,'Oña','2015-04-05 16:33:53','2015-04-05 21:33:53',1),(10,'Paute','2015-04-05 16:33:53','2015-04-05 21:33:53',1),(11,'Pucara','2015-04-05 16:33:53','2015-04-05 21:33:53',1),(12,'San Fernando','2015-04-05 16:33:53','2015-04-05 21:33:53',1),(13,'Santa Isabel','2015-04-05 16:33:53','2015-04-05 21:33:53',1),(14,'Sevilla De Oro','2015-04-05 16:33:53','2015-04-05 21:33:53',1),(15,'Sigsig','2015-04-05 16:33:53','2015-04-05 21:33:53',1),(16,'Caluma','2015-04-05 17:24:42','2015-04-05 22:24:42',2),(17,'Chillanes','2015-04-05 17:24:42','2015-04-05 22:24:42',2),(18,'Echeandia','2015-04-05 17:24:42','2015-04-05 22:24:42',2),(19,'Guaranda','2015-04-05 17:24:42','2015-04-05 22:24:42',2),(20,'Las Naves','2015-04-05 17:24:43','2015-04-05 22:24:43',2),(21,'San Jose De Chimbo','2015-04-05 17:24:43','2015-04-05 22:24:43',2),(22,'San Miguel','2015-04-05 17:24:43','2015-04-05 22:24:43',2),(23,'Azogues','2015-04-05 17:24:43','2015-04-05 22:24:43',3),(24,'Biblian','2015-04-05 17:24:43','2015-04-05 22:24:43',3),(25,'Cañar','2015-04-05 17:24:43','2015-04-05 22:24:43',3),(26,'Deleg','2015-04-05 17:24:43','2015-04-05 22:24:43',3),(27,'El Tambo','2015-04-05 17:24:43','2015-04-05 22:24:43',3),(28,'La Troncal','2015-04-05 17:24:43','2015-04-05 22:24:43',3),(29,'Suscal','2015-04-05 17:24:43','2015-04-05 22:24:43',3),(30,'Bolivar','2015-04-05 17:24:43','2015-04-05 22:24:43',4),(31,'Espejo','2015-04-05 17:24:43','2015-04-05 22:24:43',4),(32,'Mira','2015-04-05 17:24:43','2015-04-05 22:24:43',4),(33,'Montufar','2015-04-05 17:24:43','2015-04-05 22:24:43',4),(34,'San Pedro De Huaca','2015-04-05 17:24:43','2015-04-05 22:24:43',4),(35,'Tulcan','2015-04-05 17:24:43','2015-04-05 22:24:43',4),(36,'Alausi','2015-04-05 17:24:43','2015-04-05 22:24:43',5),(37,'Chambo','2015-04-05 17:24:43','2015-04-05 22:24:43',5),(38,'Chunchi','2015-04-05 17:24:43','2015-04-05 22:24:43',5),(39,'Colta','2015-04-05 17:24:43','2015-04-05 22:24:43',5),(40,'Cumanda','2015-04-05 17:24:43','2015-04-05 22:24:43',5),(41,'Guamote','2015-04-05 17:24:43','2015-04-05 22:24:43',5),(42,'Guano','2015-04-05 17:24:43','2015-04-05 22:24:43',5),(43,'Pallatanga','2015-04-05 17:24:43','2015-04-05 22:24:43',5),(44,'Penipe','2015-04-05 17:24:43','2015-04-05 22:24:43',5),(45,'Riobamba','2015-04-05 17:24:43','2015-04-05 22:24:43',5),(46,'La Mana','2015-04-05 17:24:43','2015-04-05 22:24:43',6),(47,'Latacunga','2015-04-05 17:24:43','2015-04-05 22:24:43',6),(48,'Pangua','2015-04-05 17:24:43','2015-04-05 22:24:43',6),(49,'Pujili','2015-04-05 17:24:43','2015-04-05 22:24:43',6),(50,'Salcedo','2015-04-05 17:24:44','2015-04-05 22:24:44',6),(51,'Saquisili','2015-04-05 17:24:44','2015-04-05 22:24:44',6),(52,'Sigchos','2015-04-05 17:24:44','2015-04-05 22:24:44',6),(53,'Arenillas','2015-04-05 17:24:44','2015-04-05 22:24:44',7),(54,'Atahualpa','2015-04-05 17:24:44','2015-04-05 22:24:44',7),(55,'Balsas','2015-04-05 17:24:44','2015-04-05 22:24:44',7),(56,'Chilla','2015-04-05 17:24:44','2015-04-05 22:24:44',7),(57,'El Guabo','2015-04-05 17:24:44','2015-04-05 22:24:44',7),(58,'Huaquillas','2015-04-05 17:24:44','2015-04-05 22:24:44',7),(59,'Las Lajas','2015-04-05 17:24:44','2015-04-05 22:24:44',7),(60,'Machala','2015-04-05 17:24:44','2015-04-05 22:24:44',7),(61,'Marcabeli','2015-04-05 17:24:44','2015-04-05 22:24:44',7),(62,'Pasaje','2015-04-05 17:24:44','2015-04-05 22:24:44',7),(63,'Piñas','2015-04-05 17:24:44','2015-04-05 22:24:44',7),(64,'Portovelo','2015-04-05 17:24:44','2015-04-05 22:24:44',7),(65,'Santa Rosa','2015-04-05 17:24:44','2015-04-05 22:24:44',7),(66,'Zaruma','2015-04-05 17:24:44','2015-04-05 22:24:44',7),(67,'Atacames','2015-04-05 17:24:44','2015-04-05 22:24:44',8),(68,'Eloy Alfaro','2015-04-05 17:24:44','2015-04-05 22:24:44',8),(69,'Esmeraldas','2015-04-05 17:24:44','2015-04-05 22:24:44',8),(70,'La Concordia','2015-04-05 17:24:44','2015-04-05 22:24:44',8),(71,'Muisne','2015-04-05 17:24:44','2015-04-05 22:24:44',8),(72,'Quininde','2015-04-05 17:24:44','2015-04-05 22:24:44',8),(73,'Rio Verde','2015-04-05 17:24:44','2015-04-05 22:24:44',8),(74,'San Lorenzo','2015-04-05 17:24:44','2015-04-05 22:24:44',8),(75,'Isabela','2015-04-05 17:24:44','2015-04-05 22:24:44',9),(76,'San Cristobal','2015-04-05 17:24:44','2015-04-05 22:24:44',9),(77,'Santa Cruz','2015-04-05 17:24:44','2015-04-05 22:24:44',9),(78,'Alfredo Baquerizo Moreno','2015-04-05 17:24:45','2015-04-05 22:24:45',10),(79,'Balao','2015-04-05 17:24:45','2015-04-05 22:24:45',10),(80,'Balzar','2015-04-05 17:24:45','2015-04-05 22:24:45',10),(81,'Colimes','2015-04-05 17:24:45','2015-04-05 22:24:45',10),(82,'Coronel Marcelino Maridueña','2015-04-05 17:24:45','2015-04-05 22:24:45',10),(83,'Daule','2015-04-05 17:24:45','2015-04-05 22:24:45',10),(84,'Duran','2015-04-05 17:24:45','2015-04-05 22:24:45',10),(85,'El Empalme','2015-04-05 17:24:45','2015-04-05 22:24:45',10),(86,'El Triunfo','2015-04-05 17:24:45','2015-04-05 22:24:45',10),(87,'General Antonio Elizalde','2015-04-05 17:24:45','2015-04-05 22:24:45',10),(88,'Guayaquil','2015-04-05 17:24:45','2015-04-05 22:24:45',10),(89,'Isidro Ayora','2015-04-05 17:24:45','2015-04-05 22:24:45',10),(90,'Lomas De Sargentillo','2015-04-05 17:24:45','2015-04-05 22:24:45',10),(91,'Milagro','2015-04-05 17:24:45','2015-04-05 22:24:45',10),(92,'Naranjal','2015-04-05 17:24:45','2015-04-05 22:24:45',10),(93,'Naranjito','2015-04-05 17:24:45','2015-04-05 22:24:45',10),(94,'Nobol','2015-04-05 17:24:45','2015-04-05 22:24:45',10),(95,'Palestina','2015-04-05 17:24:45','2015-04-05 22:24:45',10),(96,'Pedro Carbo','2015-04-05 17:24:45','2015-04-05 22:24:45',10),(97,'Playas','2015-04-05 17:24:45','2015-04-05 22:24:45',10),(98,'Samborondon','2015-04-05 17:24:45','2015-04-05 22:24:45',10),(99,'Santa Lucia','2015-04-05 17:24:45','2015-04-05 22:24:45',10),(100,'Simon Bolivar','2015-04-05 17:24:45','2015-04-05 22:24:45',10),(101,'Urbina Jado','2015-04-05 17:24:45','2015-04-05 22:24:45',10),(102,'Yaguachi','2015-04-05 17:24:45','2015-04-05 22:24:45',10),(103,'Antonio Ante','2015-04-05 17:24:46','2015-04-05 22:24:46',11),(104,'Cotacachi','2015-04-05 17:24:46','2015-04-05 22:24:46',11),(105,'Ibarra','2015-04-05 17:24:46','2015-04-05 22:24:46',11),(106,'Otavalo','2015-04-05 17:24:46','2015-04-05 22:24:46',11),(107,'Pimampiro','2015-04-05 17:24:46','2015-04-05 22:24:46',11),(108,'San Miguel De Urcuqui','2015-04-05 17:24:46','2015-04-05 22:24:46',11),(109,'Calvas','2015-04-05 17:24:46','2015-04-05 22:24:46',12),(110,'Catamayo','2015-04-05 17:24:46','2015-04-05 22:24:46',12),(111,'Celica','2015-04-05 17:24:46','2015-04-05 22:24:46',12),(112,'Chaguarpamba','2015-04-05 17:24:46','2015-04-05 22:24:46',12),(113,'Espindola','2015-04-05 17:24:46','2015-04-05 22:24:46',12),(114,'Gonzanama','2015-04-05 17:24:46','2015-04-05 22:24:46',12),(115,'Loja','2015-04-05 17:24:46','2015-04-05 22:24:46',12),(116,'Macara','2015-04-05 17:24:46','2015-04-05 22:24:46',12),(117,'Olmedo','2015-04-05 17:24:46','2015-04-05 22:24:46',12),(118,'Paltas','2015-04-05 17:24:46','2015-04-05 22:24:46',12),(119,'Pindal','2015-04-05 17:24:46','2015-04-05 22:24:46',12),(120,'Puyango','2015-04-05 17:24:47','2015-04-05 22:24:47',12),(121,'Quilanga','2015-04-05 17:24:47','2015-04-05 22:24:47',12),(122,'Saraguro','2015-04-05 17:24:47','2015-04-05 22:24:47',12),(123,'Sozoranga','2015-04-05 17:24:47','2015-04-05 22:24:47',12),(124,'Zapotillo','2015-04-05 17:24:47','2015-04-05 22:24:47',12),(125,'Baba','2015-04-05 17:24:47','2015-04-05 22:24:47',13),(126,'Babahoyo','2015-04-05 17:24:47','2015-04-05 22:24:47',13),(127,'Buena Fe','2015-04-05 17:24:47','2015-04-05 22:24:47',13),(128,'Mocache','2015-04-05 17:24:47','2015-04-05 22:24:47',13),(129,'Montalvo','2015-04-05 17:24:47','2015-04-05 22:24:47',13),(130,'Palenque','2015-04-05 17:24:47','2015-04-05 22:24:47',13),(131,'Puebloviejo','2015-04-05 17:24:47','2015-04-05 22:24:47',13),(132,'Quevedo','2015-04-05 17:24:47','2015-04-05 22:24:47',13),(133,'Quinsaloma','2015-04-05 17:24:47','2015-04-05 22:24:47',13),(134,'Urdaneta','2015-04-05 17:24:47','2015-04-05 22:24:47',13),(135,'Valencia','2015-04-05 17:24:47','2015-04-05 22:24:47',13),(136,'Ventanas','2015-04-05 17:24:47','2015-04-05 22:24:47',13),(137,'Vinces','2015-04-05 17:24:47','2015-04-05 22:24:47',13),(138,'24 De Mayo','2015-04-05 17:24:47','2015-04-05 22:24:47',14),(139,'Bolivar','2015-04-05 17:24:47','2015-04-05 22:24:47',14),(140,'Chone','2015-04-05 17:24:47','2015-04-05 22:24:47',14),(141,'El Carmen','2015-04-05 17:24:47','2015-04-05 22:24:47',14),(142,'Flavio Alfaro','2015-04-05 17:24:48','2015-04-05 22:24:48',14),(143,'Jama','2015-04-05 17:24:48','2015-04-05 22:24:48',14),(144,'Jaramijo','2015-04-05 17:24:48','2015-04-05 22:24:48',14),(145,'Jipijapa','2015-04-05 17:24:48','2015-04-05 22:24:48',14),(146,'Junin','2015-04-05 17:24:48','2015-04-05 22:24:48',14),(147,'Manta','2015-04-05 17:24:48','2015-04-05 22:24:48',14),(148,'Montecristi','2015-04-05 17:24:48','2015-04-05 22:24:48',14),(149,'Olmedo','2015-04-05 17:24:48','2015-04-05 22:24:48',14),(150,'Pajan','2015-04-05 17:24:48','2015-04-05 22:24:48',14),(151,'Pedernales','2015-04-05 17:24:48','2015-04-05 22:24:48',14),(152,'Pichincha','2015-04-05 17:24:48','2015-04-05 22:24:48',14),(153,'Portoviejo','2015-04-05 17:24:48','2015-04-05 22:24:48',14),(154,'Puerto Lopez','2015-04-05 17:24:48','2015-04-05 22:24:48',14),(155,'Rocafuerte','2015-04-05 17:24:48','2015-04-05 22:24:48',14),(156,'San Vicente','2015-04-05 17:24:48','2015-04-05 22:24:48',14),(157,'Santa Ana','2015-04-05 17:24:48','2015-04-05 22:24:48',14),(158,'Sucre','2015-04-05 17:24:48','2015-04-05 22:24:48',14),(159,'Tosagua','2015-04-05 17:24:48','2015-04-05 22:24:48',14),(160,'Gualaquiza','2015-04-05 17:24:48','2015-04-05 22:24:48',15),(161,'Huamboya','2015-04-05 17:24:48','2015-04-05 22:24:48',15),(162,'Limon Indanza','2015-04-05 17:24:48','2015-04-05 22:24:48',15),(163,'Logroño','2015-04-05 17:24:49','2015-04-05 22:24:49',15),(164,'Morona','2015-04-05 17:24:49','2015-04-05 22:24:49',15),(165,'Pablo VI','2015-04-05 17:24:49','2015-04-05 22:24:49',15),(166,'Palora','2015-04-05 17:24:49','2015-04-05 22:24:49',15),(167,'San Juan Bosco','2015-04-05 17:24:49','2015-04-05 22:24:49',15),(168,'Santiago','2015-04-05 17:24:49','2015-04-05 22:24:49',15),(169,'Sucua','2015-04-05 17:24:49','2015-04-05 22:24:49',15),(170,'Taisha','2015-04-05 17:24:49','2015-04-05 22:24:49',15),(171,'Tiwintza','2015-04-05 17:24:49','2015-04-05 22:24:49',15),(172,'Archidona','2015-04-05 17:24:49','2015-04-05 22:24:49',16),(173,'Carlos Julio Arosemena','2015-04-05 17:24:49','2015-04-05 22:24:49',16),(174,'El Chaco','2015-04-05 17:24:49','2015-04-05 22:24:49',16),(175,'Quijos','2015-04-05 17:24:49','2015-04-05 22:24:49',16),(176,'Tena','2015-04-05 17:24:49','2015-04-05 22:24:49',16),(177,'Aguarico','2015-04-05 17:24:49','2015-04-05 22:24:49',17),(178,'La Joya De Los Sachas','2015-04-05 17:24:49','2015-04-05 22:24:49',17),(179,'Loreto','2015-04-05 17:24:49','2015-04-05 22:24:49',17),(180,'Orellana','2015-04-05 17:24:49','2015-04-05 22:24:49',17),(181,'Arajuno','2015-04-05 17:24:49','2015-04-05 22:24:49',18),(182,'Mera','2015-04-05 17:24:49','2015-04-05 22:24:49',18),(183,'Pastaza','2015-04-05 17:24:49','2015-04-05 22:24:49',18),(184,'Santa Clara','2015-04-05 17:24:49','2015-04-05 22:24:49',18),(185,'Cayambe','2015-04-05 17:24:49','2015-04-05 22:24:49',19),(186,'Mejia','2015-04-05 17:24:50','2015-04-05 22:24:50',19),(187,'Pedro Moncayo','2015-04-05 17:24:50','2015-04-05 22:24:50',19),(188,'Pedro Vicente Maldonado','2015-04-05 17:24:50','2015-04-05 22:24:50',19),(189,'Puerto Quito','2015-04-05 17:24:50','2015-04-05 22:24:50',19),(190,'Quito','2015-04-05 17:24:50','2015-04-05 22:24:50',19),(191,'Rumiñahui','2015-04-05 17:24:50','2015-04-05 22:24:50',19),(192,'San Miguel De Los Bancos','2015-04-05 17:24:50','2015-04-05 22:24:50',19),(193,'Libertad','2015-04-05 17:24:50','2015-04-05 22:24:50',20),(194,'Salinas','2015-04-05 17:24:50','2015-04-05 22:24:50',20),(195,'Santa Elena','2015-04-05 17:24:50','2015-04-05 22:24:50',20),(196,'Santo Domingo De Los Tsachilas','2015-04-05 17:24:50','2015-04-05 22:24:50',21),(197,'Cascales','2015-04-05 17:24:50','2015-04-05 22:24:50',22),(198,'Cuyabeno','2015-04-05 17:24:50','2015-04-05 22:24:50',22),(199,'Gonzalo Pizarro','2015-04-05 17:24:50','2015-04-05 22:24:50',22),(200,'Lago Agrio','2015-04-05 17:24:50','2015-04-05 22:24:50',22),(201,'Putumayo','2015-04-05 17:24:50','2015-04-05 22:24:50',22),(202,'Shushufindi','2015-04-05 17:24:50','2015-04-05 22:24:50',22),(203,'Sucumbios','2015-04-05 17:24:50','2015-04-05 22:24:50',22),(204,'Ambato','2015-04-05 17:24:50','2015-04-05 22:24:50',23),(205,'Baños','2015-04-05 17:24:50','2015-04-05 22:24:50',23),(206,'Cevallos','2015-04-05 17:24:50','2015-04-05 22:24:50',23),(207,'Mocha','2015-04-05 17:24:51','2015-04-05 22:24:51',23),(208,'Patate','2015-04-05 17:24:51','2015-04-05 22:24:51',23),(209,'Quero','2015-04-05 17:24:51','2015-04-05 22:24:51',23),(210,'San Pedro De Pelileo','2015-04-05 17:24:51','2015-04-05 22:24:51',23),(211,'Santiago De Pillaro','2015-04-05 17:24:51','2015-04-05 22:24:51',23),(212,'Tisaleo','2015-04-05 17:24:51','2015-04-05 22:24:51',23),(213,'Centinela Del Condor','2015-04-05 17:24:51','2015-04-05 22:24:51',24),(214,'Chinchipe','2015-04-05 17:24:51','2015-04-05 22:24:51',24),(215,'El Pangui','2015-04-05 17:24:51','2015-04-05 22:24:51',24),(216,'Nangaritza','2015-04-05 17:24:51','2015-04-05 22:24:51',24),(217,'Palanda','2015-04-05 17:24:51','2015-04-05 22:24:51',24),(218,'Paquisha','2015-04-05 17:24:51','2015-04-05 22:24:51',24),(219,'Yacuambi','2015-04-05 17:24:51','2015-04-05 22:24:51',24),(220,'Yantzaza','2015-04-05 17:24:51','2015-04-05 22:24:51',24),(221,'Zamora','2015-04-05 17:24:51','2015-04-05 22:24:51',24),(222,'El Piedrero','2015-04-05 17:24:51','2015-04-05 22:24:51',25),(223,'Las Golondrinas','2015-04-05 17:24:51','2015-04-05 22:24:51',25),(224,'Manga Del Cura','2015-04-05 17:24:51','2015-04-05 22:24:51',25);
/*!40000 ALTER TABLE `cantones` ENABLE KEYS */;
UNLOCK TABLES;

--
-- Table structure for table `cargos`
--

DROP TABLE IF EXISTS `cargos`;
/*!40101 SET @saved_cs_client     = @@character_set_client */;
/*!40101 SET character_set_client = utf8 */;
CREATE TABLE `cargos` (
  `CRG_ID` int(11) NOT NULL AUTO_INCREMENT,
  `CRG_NOMBRE` varchar(60) DEFAULT NULL,
  `CRG_SUELDO` double NOT NULL,
  `CREADO` datetime NOT NULL DEFAULT '0000-00-00 00:00:00',
  `CRG_MODIFICADO` timestamp NOT NULL DEFAULT CURRENT_TIMESTAMP ON UPDATE CURRENT_TIMESTAMP,
  PRIMARY KEY (`CRG_ID`)
) ENGINE=InnoDB AUTO_INCREMENT=192 DEFAULT CHARSET=utf8;
/*!40101 SET character_set_client = @saved_cs_client */;

--
-- Dumping data for table `cargos`
--

LOCK TABLES `cargos` WRITE;
/*!40000 ALTER TABLE `cargos` DISABLE KEYS */;
INSERT INTO `cargos` VALUES (1,'ADMINISTRADOR 1',0,'2015-06-17 00:39:50','2015-06-17 05:39:50'),(2,'ADMINISTRADOR 2',0,'2015-06-17 00:39:50','2015-06-17 05:39:50'),(3,'ADMINISTRADOR 3',0,'2015-06-17 00:39:50','2015-06-17 05:39:50'),(4,'ALBAÑIL',0,'2015-06-17 00:39:50','2015-06-17 05:39:50'),(5,'ASISTENTE PERSONAL',0,'2015-06-17 00:39:50','2015-06-17 05:39:50'),(6,'ASISTENTE MANTENIMIENTO',0,'2015-06-17 00:39:50','2015-06-17 05:39:50'),(7,'ASISTENTE LOGISTICA',0,'2015-06-17 00:39:50','2015-06-17 05:39:50'),(8,'ASISTENTE CONTROL TERCEROS',0,'2015-06-17 00:39:51','2015-06-17 05:39:51'),(9,'ASISTENTE QA/QC',0,'2015-06-17 00:39:51','2015-06-17 05:39:51'),(10,'ASISTENTE PROYECTOS',0,'2015-06-17 00:39:51','2015-06-17 05:39:51'),(11,'ASISTENTE RELACIONES COMUNITARIAS',0,'2015-06-17 00:39:51','2015-06-17 05:39:51'),(12,'ASISTENTE HES',0,'2015-06-17 00:39:51','2015-06-17 05:39:51'),(13,'ASISTENTE MEDIO AMBIENTE',0,'2015-06-17 00:39:51','2015-06-17 05:39:51'),(14,'ASISTENTE ADMINISTRATIVO',0,'2015-06-17 00:39:51','2015-06-17 05:39:51'),(15,'ASISTENTE DE BODEGA ',0,'2015-06-17 00:39:51','2015-06-17 05:39:51'),(16,'ASISTENTE DE COMPRAS',0,'2015-06-17 00:39:51','2015-06-17 05:39:51'),(17,'ASISTENTE ADMINISTRATIVO II',0,'2015-06-17 00:39:51','2015-06-17 05:39:51'),(18,'AUXILIAR DE OFICINA',0,'2015-06-17 00:39:51','2015-06-17 05:39:51'),(19,'ARQUITECTO',0,'2015-06-17 00:39:51','2015-06-17 05:39:51'),(20,'AYUDANTE DESLIZADOR',0,'2015-06-17 00:39:51','2015-06-17 05:39:51'),(21,'AYUDANTE ELECTRICO',0,'2015-06-17 00:39:51','2015-06-17 05:39:51'),(22,'AYUDANTE DE ISLA',0,'2015-06-17 00:39:51','2015-06-17 05:39:51'),(23,'AYUDANTE DE BODEGA',0,'2015-06-17 00:39:51','2015-06-17 05:39:51'),(24,'AYUDANTE DE GRUA ',0,'2015-06-17 00:39:51','2015-06-17 05:39:51'),(25,'AYUDANTE DE SUELDA',0,'2015-06-17 00:39:51','2015-06-17 05:39:51'),(26,'AYUDANTE GENERAL',0,'2015-06-17 00:39:51','2015-06-17 05:39:51'),(27,'AYUDANTE MADRILLADOR',0,'2015-06-17 00:39:51','2015-06-17 05:39:51'),(28,'AYUDANTE DE TORNERO',0,'2015-06-17 00:39:51','2015-06-17 05:39:51'),(29,'AYUDANTE SANDBLASTEADOR',0,'2015-06-17 00:39:51','2015-06-17 05:39:51'),(30,'AYUDANTE OPERADOR',0,'2015-06-17 00:39:52','2015-06-17 05:39:52'),(31,'AYUDANTE DE MAQUINA',0,'2015-06-17 00:39:52','2015-06-17 05:39:52'),(32,'ALINEADOR I',0,'2015-06-17 00:39:52','2015-06-17 05:39:52'),(33,'ALINEADOR II',0,'2015-06-17 00:39:52','2015-06-17 05:39:52'),(34,'APUNTADOR',0,'2015-06-17 00:39:52','2015-06-17 05:39:52'),(35,'BANDERERO ',0,'2015-06-17 00:39:52','2015-06-17 05:39:52'),(36,'BISELADOR',0,'2015-06-17 00:39:52','2015-06-17 05:39:52'),(37,'BODEGUERO I',0,'2015-06-17 00:39:52','2015-06-17 05:39:52'),(38,'BODEGUERO II',0,'2015-06-17 00:39:52','2015-06-17 05:39:52'),(39,'BODEGUERO III',0,'2015-06-17 00:39:52','2015-06-17 05:39:52'),(40,'BODEGUERO IV',0,'2015-06-17 00:39:52','2015-06-17 05:39:52'),(41,'CADENERO',0,'2015-06-17 00:39:52','2015-06-17 05:39:52'),(42,'CAMPAMENTERO I',0,'2015-06-17 00:39:52','2015-06-17 05:39:52'),(43,'CAMPAMENTERO II',0,'2015-06-17 00:39:52','2015-06-17 05:39:52'),(44,'CAPATAZ DESBROCE',0,'2015-06-17 00:39:52','2015-06-17 05:39:52'),(45,'CAPATAZ MOVIMIENTO DE TIERRA',0,'2015-06-17 00:39:52','2015-06-17 05:39:52'),(46,'CAPATAZ DE MONTAJE',0,'2015-06-17 00:39:52','2015-06-17 05:39:52'),(47,'CAPATAZ DE OBRA CIVIL',0,'2015-06-17 00:39:52','2015-06-17 05:39:52'),(48,'CARPINTERO',0,'2015-06-17 00:39:52','2015-06-17 05:39:52'),(49,'CHOFER DE TRAILER',0,'2015-06-17 00:39:52','2015-06-17 05:39:52'),(50,'CHOFER DE MOTOMIXER',0,'2015-06-17 00:39:52','2015-06-17 05:39:52'),(51,'CHOFER DE CAMION GRUA',0,'2015-06-17 00:39:52','2015-06-17 05:39:52'),(52,'CHOFER V.P.',0,'2015-06-17 00:39:52','2015-06-17 05:39:52'),(53,'CHOFER VOLQUETA',0,'2015-06-17 00:39:52','2015-06-17 05:39:52'),(54,'CHOFER RANCHERA',0,'2015-06-17 00:39:52','2015-06-17 05:39:52'),(55,'CHOFER V.L.',0,'2015-06-17 00:39:53','2015-06-17 05:39:53'),(56,'CHOFER AMBULANCIA',0,'2015-06-17 00:39:53','2015-06-17 05:39:53'),(57,'COORDINADOR I',0,'2015-06-17 00:39:53','2015-06-17 05:39:53'),(58,'COORDINADOR II',0,'2015-06-17 00:39:53','2015-06-17 05:39:53'),(59,'DIBUJANTE I',0,'2015-06-17 00:39:53','2015-06-17 05:39:53'),(60,'DIBUJANTE II',0,'2015-06-17 00:39:53','2015-06-17 05:39:53'),(61,'DIGITADOR',0,'2015-06-17 00:39:53','2015-06-17 05:39:53'),(62,'DOBLADOR I',0,'2015-06-17 00:39:53','2015-06-17 05:39:53'),(63,'DOBLADOR II',0,'2015-06-17 00:39:53','2015-06-17 05:39:53'),(64,'ELECTRICISTA INDUSTRIAL I',0,'2015-06-17 00:39:53','2015-06-17 05:39:53'),(65,'ELECTRICISTA INDUSTRIAL II',0,'2015-06-17 00:39:53','2015-06-17 05:39:53'),(66,'ELECTRICISTA AUTOMOTRIZ I',0,'2015-06-17 00:39:53','2015-06-17 05:39:53'),(67,'ELECTRICISTA AUTOMOTRIZ II',0,'2015-06-17 00:39:53','2015-06-17 05:39:53'),(68,'ELECTRICISTA III',0,'2015-06-17 00:39:53','2015-06-17 05:39:53'),(69,'ELECTROMECANICO I',0,'2015-06-17 00:39:53','2015-06-17 05:39:53'),(70,'ELECTROMECANICO II',0,'2015-06-17 00:39:53','2015-06-17 05:39:53'),(71,'ELECTROMECANICO III',0,'2015-06-17 00:39:53','2015-06-17 05:39:53'),(72,'EMPALMADOR',0,'2015-06-17 00:39:53','2015-06-17 05:39:53'),(73,'ENDEREZADOR',0,'2015-06-17 00:39:53','2015-06-17 05:39:53'),(74,'ENFERMERO I',0,'2015-06-17 00:39:53','2015-06-17 05:39:53'),(75,'ENFERMERO II',0,'2015-06-17 00:39:53','2015-06-17 05:39:53'),(76,'ESMERILADOR',0,'2015-06-17 00:39:53','2015-06-17 05:39:53'),(77,'FIERRERO',0,'2015-06-17 00:39:53','2015-06-17 05:39:53'),(78,'GRAPERO',0,'2015-06-17 00:39:54','2015-06-17 05:39:54'),(79,'GUARDIA',0,'2015-06-17 00:39:54','2015-06-17 05:39:54'),(80,'INGENIERO 4',0,'2015-06-17 00:39:54','2015-06-17 05:39:54'),(81,'INGENIERO 3',0,'2015-06-17 00:39:54','2015-06-17 05:39:54'),(82,'INGENIERO 1',0,'2015-06-17 00:39:54','2015-06-17 05:39:54'),(83,'INGENIERO QA/QC',0,'2015-06-17 00:39:54','2015-06-17 05:39:54'),(84,'INGENIERO COMUNICACIONES',0,'2015-06-17 00:39:54','2015-06-17 05:39:54'),(85,'INSPECTOR CERTIFICADO 1',0,'2015-06-17 00:39:54','2015-06-17 05:39:54'),(86,'INSPECTOR CERTIFICADO 1',0,'2015-06-17 00:39:54','2015-06-17 05:39:54'),(87,'INSPECTOR CERTIFICADO 1',0,'2015-06-17 00:39:54','2015-06-17 05:39:54'),(88,'JEFE DE LINEA 1',0,'2015-06-17 00:39:54','2015-06-17 05:39:54'),(89,'JEFE DE LINEA 2',0,'2015-06-17 00:39:54','2015-06-17 05:39:54'),(90,'JEFE DE MANTENIMIENTO',0,'2015-06-17 00:39:54','2015-06-17 05:39:54'),(91,'JEFE DE MANTE. 2',0,'2015-06-17 00:39:54','2015-06-17 05:39:54'),(92,'LUBRICADOR',0,'2015-06-17 00:39:54','2015-06-17 05:39:54'),(93,'MECANICO 1',0,'2015-06-17 00:39:54','2015-06-17 05:39:54'),(94,'MECANICO 2',0,'2015-06-17 00:39:54','2015-06-17 05:39:54'),(95,'MECANICO 3',0,'2015-06-17 00:39:54','2015-06-17 05:39:54'),(96,'MECANICO 4',0,'2015-06-17 00:39:54','2015-06-17 05:39:54'),(97,'MEDICO 1',0,'2015-06-17 00:39:54','2015-06-17 05:39:54'),(98,'MEDICO 2',0,'2015-06-17 00:39:54','2015-06-17 05:39:54'),(99,'MONTADOR 1',0,'2015-06-17 00:39:55','2015-06-17 05:39:55'),(100,'MONTADOR 2',0,'2015-06-17 00:39:55','2015-06-17 05:39:55'),(101,'MONTADOR 3',0,'2015-06-17 00:39:55','2015-06-17 05:39:55'),(102,'MOTOSIERRISTA',0,'2015-06-17 00:39:55','2015-06-17 05:39:55'),(103,'OBRERO',0,'2015-06-17 00:39:55','2015-06-17 05:39:55'),(104,'OPERADOR MULTIPLE',0,'2015-06-17 00:39:55','2015-06-17 05:39:55'),(105,'OPERADOR DE GRUA',0,'2015-06-17 00:39:55','2015-06-17 05:39:55'),(106,'OPERADOR SIDEBOOM',0,'2015-06-17 00:39:55','2015-06-17 05:39:55'),(107,'OPERADOR BULDOZER',0,'2015-06-17 00:39:55','2015-06-17 05:39:55'),(108,'OPERADOR EXCAVADORA',0,'2015-06-17 00:39:55','2015-06-17 05:39:55'),(109,'OPERADOR EXCAVADORA',0,'2015-06-17 00:39:55','2015-06-17 05:39:55'),(110,'OPERADOR DE GALLINETA ',0,'2015-06-17 00:39:55','2015-06-17 05:39:55'),(111,'OPERADOR MOTOMIXER',0,'2015-06-17 00:39:55','2015-06-17 05:39:55'),(112,'OPERADOR MOTONIVELADORA',0,'2015-06-17 00:39:55','2015-06-17 05:39:55'),(113,'OPERADOR RODILLO ',0,'2015-06-17 00:39:55','2015-06-17 05:39:55'),(114,'OPERADOR BOBCAT',0,'2015-06-17 00:39:55','2015-06-17 05:39:55'),(115,'OPERADOR DE PLANTA',0,'2015-06-17 00:39:55','2015-06-17 05:39:55'),(116,'OPERADOR DESLIZADOR',0,'2015-06-17 00:39:55','2015-06-17 05:39:55'),(117,'PINTOR I',0,'2015-06-17 00:39:55','2015-06-17 05:39:55'),(118,'PINTOR II',0,'2015-06-17 00:39:55','2015-06-17 05:39:55'),(119,'PUBLICISTA',0,'2015-06-17 00:39:55','2015-06-17 05:39:55'),(120,'PLOMERO',0,'2015-06-17 00:39:55','2015-06-17 05:39:55'),(121,'RR.CC.',0,'2015-06-17 00:39:55','2015-06-17 05:39:55'),(122,'REVESTIDOR 1',0,'2015-06-17 00:39:56','2015-06-17 05:39:56'),(123,'REVESTIDOR 2',0,'2015-06-17 00:39:56','2015-06-17 05:39:56'),(124,'SOLDADOR API / OLEODUCTO',0,'2015-06-17 00:39:56','2015-06-17 05:39:56'),(125,'SOLDADOR MIXTO - FACILIDADES',0,'2015-06-17 00:39:56','2015-06-17 05:39:56'),(126,'SOLDADOR API - MISCELANEOS',0,'2015-06-17 00:39:56','2015-06-17 05:39:56'),(127,'SOLDADOR ARGON',0,'2015-06-17 00:39:56','2015-06-17 05:39:56'),(128,'SOLDADOR ASME',0,'2015-06-17 00:39:56','2015-06-17 05:39:56'),(129,'SOLDADOR DE ESTRUCTURAS',0,'2015-06-17 00:39:56','2015-06-17 05:39:56'),(130,'SOLDADOR DE SEGUNDA',0,'2015-06-17 00:39:56','2015-06-17 05:39:56'),(131,'SOLDADOR DE PATIO',0,'2015-06-17 00:39:56','2015-06-17 05:39:56'),(132,'SUPERINTENDENTE 1',0,'2015-06-17 00:39:56','2015-06-17 05:39:56'),(133,'SUPERINTENDENTE 2',0,'2015-06-17 00:39:56','2015-06-17 05:39:56'),(134,'SUPERINTENDENTE 3',0,'2015-06-17 00:39:56','2015-06-17 05:39:56'),(135,'SUPERVISOR SOLDADURA',0,'2015-06-17 00:39:56','2015-06-17 05:39:56'),(136,'SUPERVISOR MOVIMIENTO DE TIERRA',0,'2015-06-17 00:39:56','2015-06-17 05:39:56'),(137,'SUPERVISOR BAJADO Y TAPADO',0,'2015-06-17 00:39:56','2015-06-17 05:39:56'),(138,'SUPERVISOR DE TUBERIA',0,'2015-06-17 00:39:56','2015-06-17 05:39:56'),(139,'SUPERVISOR DE OBRA CIVIL',0,'2015-06-17 00:39:56','2015-06-17 05:39:56'),(140,'SUPERVISOR DE MONTAJE',0,'2015-06-17 00:39:56','2015-06-17 05:39:56'),(141,'SUPERVISOR ELECTRICO ',0,'2015-06-17 00:39:56','2015-06-17 05:39:56'),(142,'SUPERVISOR ELECTROMECANICO',0,'2015-06-17 00:39:56','2015-06-17 05:39:56'),(143,'SUPERVISOR DE DOBLADO',0,'2015-06-17 00:39:56','2015-06-17 05:39:56'),(144,'SUPERVISOR DE SEGURIDAD',0,'2015-06-17 00:39:56','2015-06-17 05:39:56'),(145,'SUPERVISOR MECANICO',0,'2015-06-17 00:39:56','2015-06-17 05:39:56'),(146,'SANDBLASTEADOR 1',0,'2015-06-17 00:39:56','2015-06-17 05:39:56'),(147,'SANDBLASTEADOR 2',0,'2015-06-17 00:39:57','2015-06-17 05:39:57'),(148,'TECNICO DE REFRIGERACION',0,'2015-06-17 00:39:57','2015-06-17 05:39:57'),(149,'TORNERO 1',0,'2015-06-17 00:39:57','2015-06-17 05:39:57'),(150,'TORNERO 2',0,'2015-06-17 00:39:57','2015-06-17 05:39:57'),(151,'TOPOGRAFO VIAS/PLATAFORMAS',0,'2015-06-17 00:39:57','2015-06-17 05:39:57'),(152,'TOPOGRAFO DE OLEODUCTOS',0,'2015-06-17 00:39:57','2015-06-17 05:39:57'),(153,'TOPOGRAFO DE SEGUNDA',0,'2015-06-17 00:39:57','2015-06-17 05:39:57'),(154,'TUBERO 1',0,'2015-06-17 00:39:57','2015-06-17 05:39:57'),(155,'TUBERO 2',0,'2015-06-17 00:39:57','2015-06-17 05:39:57'),(156,'VULCANIZADOR',0,'2015-06-17 00:39:57','2015-06-17 05:39:57'),(157,'SUPERVISOR OPERACIONES',0,'2015-06-17 00:39:57','2015-06-17 05:39:57'),(158,'OPERADOR DE ISLA',0,'2015-06-17 00:39:57','2015-06-17 05:39:57'),(159,'OPERADOR/SUPERVISOR',0,'2015-06-17 00:39:57','2015-06-17 05:39:57'),(160,'INSTRUMENTISTA',0,'2015-06-17 00:39:57','2015-06-17 05:39:57'),(161,'BODEGUERO/PINTOR',0,'2015-06-17 00:39:57','2015-06-17 05:39:57'),(162,'TECNICO TELECOMUNICACIONES',0,'2015-06-17 00:39:57','2015-06-17 05:39:57'),(163,'TUBERO',0,'2015-06-17 00:39:57','2015-06-17 05:39:57'),(164,'SUPERVISOR MANTENIMIENTO',0,'2015-06-17 00:39:57','2015-06-17 05:39:57'),(165,'MECANICO FUERA DE BORDA',0,'2015-06-17 00:39:57','2015-06-17 05:39:57'),(166,'ASISTENTE MAXIMO',0,'2015-06-17 00:39:57','2015-06-17 05:39:57'),(167,'ING. ELECTRICO',0,'2015-06-17 00:39:57','2015-06-17 05:39:57'),(168,'ELECTRICO A',0,'2015-06-17 00:39:57','2015-06-17 05:39:57'),(169,'ELECTRICO B',0,'2015-06-17 00:39:57','2015-06-17 05:39:57'),(170,'AYUDANTE ELECTRICO',0,'2015-06-17 00:39:57','2015-06-17 05:39:57'),(171,'CONTROL PROYECTO',0,'2015-06-17 00:39:58','2015-06-17 05:39:58'),(172,'TECNICO ELECTRICO',0,'2015-06-17 00:39:58','2015-06-17 05:39:58'),(173,'ING. DE OBRA CIVIL ',0,'2015-06-17 00:39:58','2015-06-17 05:39:58'),(174,'SUPERVISOR MANTENIMIENTO VIAL',0,'2015-06-17 00:39:58','2015-06-17 05:39:58'),(175,'AYUDANTE PINTURA',0,'2015-06-17 00:39:58','2015-06-17 05:39:58'),(176,'AYUDANTE MECANICA',0,'2015-06-17 00:39:58','2015-06-17 05:39:58'),(177,'SUPERVISOR MISCELANEOS',0,'2015-06-17 00:39:58','2015-06-17 05:39:58'),(178,'PRACTICANTE',0,'2015-06-17 00:39:58','2015-06-17 05:39:58'),(179,'ASISTENTE DE PERSONAL ',0,'2015-06-17 00:39:58','2015-06-17 05:39:58'),(180,'GERENTE ARESA',0,'2015-06-17 00:39:58','2015-06-17 05:39:58'),(181,'SUPERVISOR / DIBUJANTE ',0,'2015-06-17 00:39:58','2015-06-17 05:39:58'),(182,'SUPERVISOR LINEA ',0,'2015-06-17 00:39:58','2015-06-17 05:39:58'),(183,'LOGISTICO ',0,'2015-06-17 00:39:58','2015-06-17 05:39:58'),(184,'Operador de Pipe Welder',0,'2015-06-17 00:39:58','2015-06-17 05:39:58'),(185,'SUPERVISOR DE INSTRUMENTACION',0,'2015-06-17 00:39:58','2015-06-17 05:39:58'),(186,'INGENIERO 2',0,'2015-06-17 00:39:58','2015-06-17 05:39:58'),(187,'SOLDADOR API / ARGON ',0,'2015-06-17 00:39:58','2015-06-17 05:39:58'),(188,'MECANICO 5',0,'2015-06-17 00:39:58','2015-06-17 05:39:58'),(189,'AYUDANTE ELECTROMRCANICO',0,'2015-06-17 00:39:58','2015-06-17 05:39:58'),(190,'TABLERISTA',0,'2015-06-17 00:39:58','2015-06-17 05:39:58'),(191,'SUPERVISOR SANDBLASTIN',0,'2015-06-17 00:39:58','2015-06-17 05:39:58');
/*!40000 ALTER TABLE `cargos` ENABLE KEYS */;
UNLOCK TABLES;

--
-- Table structure for table `ci_sessions`
--

DROP TABLE IF EXISTS `ci_sessions`;
/*!40101 SET @saved_cs_client     = @@character_set_client */;
/*!40101 SET character_set_client = utf8 */;
CREATE TABLE `ci_sessions` (
  `session_id` varchar(40) COLLATE utf8_bin NOT NULL DEFAULT '0',
  `ip_address` varchar(16) COLLATE utf8_bin NOT NULL DEFAULT '0',
  `user_agent` varchar(150) COLLATE utf8_bin NOT NULL,
  `last_activity` int(10) unsigned NOT NULL DEFAULT '0',
  `user_data` text COLLATE utf8_bin NOT NULL,
  PRIMARY KEY (`session_id`)
) ENGINE=InnoDB DEFAULT CHARSET=utf8 COLLATE=utf8_bin;
/*!40101 SET character_set_client = @saved_cs_client */;

--
-- Dumping data for table `ci_sessions`
--

LOCK TABLES `ci_sessions` WRITE;
/*!40000 ALTER TABLE `ci_sessions` DISABLE KEYS */;
INSERT INTO `ci_sessions` VALUES ('5427db5ddacfd6a9f31b629254054f09','::1','Mozilla/5.0 (Macintosh; Intel Mac OS X 10_10_3) AppleWebKit/600.6.3 (KHTML, like Gecko) Version/8.0.6 Safari/600.6.3',1435040693,'a:5:{s:9:\"user_data\";s:0:\"\";s:7:\"user_id\";s:1:\"1\";s:8:\"username\";s:5:\"admin\";s:6:\"status\";s:1:\"1\";s:8:\"group_id\";s:1:\"1\";}'),('766d01a5d8b016723e28184d7f837c58','::1','Mozilla/5.0 (Macintosh; Intel Mac OS X 10_10_3) AppleWebKit/537.36 (KHTML, like Gecko) Chrome/43.0.2357.130 Safari/537.3',1435039519,'a:5:{s:9:\"user_data\";s:0:\"\";s:7:\"user_id\";s:1:\"1\";s:8:\"username\";s:5:\"admin\";s:6:\"status\";s:1:\"1\";s:8:\"group_id\";s:1:\"1\";}'),('bc55f1bdc510750c93dd4e85a5eb8aad','::1','Mozilla/5.0 (Macintosh; Intel Mac OS X 10_10_3) AppleWebKit/537.36 (KHTML, like Gecko) Chrome/43.0.2357.130 Safari/537.3',1435033600,'a:5:{s:9:\"user_data\";s:0:\"\";s:7:\"user_id\";s:1:\"1\";s:8:\"username\";s:5:\"admin\";s:6:\"status\";s:1:\"1\";s:8:\"group_id\";s:1:\"1\";}'),('d41dcad90eb763c8a5a2c9549213b714','::1','Mozilla/5.0 (Macintosh; Intel Mac OS X 10_10_3) AppleWebKit/537.36 (KHTML, like Gecko) Chrome/43.0.2357.130 Safari/537.3',1435040580,'a:5:{s:9:\"user_data\";s:0:\"\";s:7:\"user_id\";s:1:\"1\";s:8:\"username\";s:5:\"admin\";s:6:\"status\";s:1:\"1\";s:8:\"group_id\";s:1:\"1\";}'),('e417a73471001a39a4ac87b5564bfa48','::1','Mozilla/5.0 (Macintosh; Intel Mac OS X 10_10_3) AppleWebKit/537.36 (KHTML, like Gecko) Chrome/43.0.2357.130 Safari/537.3',1435039761,'');
/*!40000 ALTER TABLE `ci_sessions` ENABLE KEYS */;
UNLOCK TABLES;

--
-- Table structure for table `cuadrillas`
--

DROP TABLE IF EXISTS `cuadrillas`;
/*!40101 SET @saved_cs_client     = @@character_set_client */;
/*!40101 SET character_set_client = utf8 */;
CREATE TABLE `cuadrillas` (
  `CDR_ID` int(11) NOT NULL AUTO_INCREMENT,
  `CDR_NOMBRE` varchar(60) DEFAULT NULL,
  `CREADO` datetime NOT NULL DEFAULT '0000-00-00 00:00:00',
  `CDR_MODIFICADO` timestamp NOT NULL DEFAULT CURRENT_TIMESTAMP ON UPDATE CURRENT_TIMESTAMP,
  `PROYECTO_ID` int(11) DEFAULT NULL,
  `JORNADA_ID` int(11) DEFAULT NULL,
  `HORARIO_ID` int(11) DEFAULT NULL,
  PRIMARY KEY (`CDR_ID`),
  KEY `FK_PROYECTO_ID` (`PROYECTO_ID`),
  KEY `FK_JORNADA_ID` (`JORNADA_ID`),
  KEY `FK_HORARIO_ID` (`HORARIO_ID`),
  CONSTRAINT `FK_HORARIO_ID` FOREIGN KEY (`HORARIO_ID`) REFERENCES `horarios` (`HRR_ID`),
  CONSTRAINT `FK_JORNADA_ID` FOREIGN KEY (`JORNADA_ID`) REFERENCES `jornadas` (`JRN_ID`),
  CONSTRAINT `FK_PROYECTO_ID` FOREIGN KEY (`PROYECTO_ID`) REFERENCES `proyectos` (`PRY_ID`)
) ENGINE=InnoDB DEFAULT CHARSET=utf8;
/*!40101 SET character_set_client = @saved_cs_client */;

--
-- Dumping data for table `cuadrillas`
--

LOCK TABLES `cuadrillas` WRITE;
/*!40000 ALTER TABLE `cuadrillas` DISABLE KEYS */;
/*!40000 ALTER TABLE `cuadrillas` ENABLE KEYS */;
UNLOCK TABLES;

--
-- Table structure for table `empleados`
--

DROP TABLE IF EXISTS `empleados`;
/*!40101 SET @saved_cs_client     = @@character_set_client */;
/*!40101 SET character_set_client = utf8 */;
CREATE TABLE `empleados` (
  `EMP_ID` int(11) NOT NULL AUTO_INCREMENT,
  `EMP_NOMBRE_COMPLETO` varchar(60) DEFAULT NULL,
  `EMP_NUMERO_CEDULA` varchar(13) DEFAULT NULL,
  `EMP_FECHA_NACIMIENTO` date DEFAULT NULL,
  `PROVINCIA_NACIMIENTO` int(11) DEFAULT NULL,
  `CANTON_NACIMIENTO` int(11) DEFAULT NULL,
  `PARROQUIA_NACIMIENTO` int(11) DEFAULT NULL,
  `PROVINCIA_RESIDENCIA` int(11) DEFAULT NULL,
  `EMP_DIRECCION_DOMICILIO` varchar(80) DEFAULT NULL,
  `EMP_TELEFONO_FIJO` varchar(15) DEFAULT NULL,
  `EMP_TELEFONO_MOVIL` varchar(15) DEFAULT NULL,
  `EMP_ESTADO` tinyint(1) NOT NULL DEFAULT '0',
  `EMP_ESTADO_CIVIL` varchar(20) DEFAULT NULL,
  `EMP_TIPO_SANGRE` varchar(12) DEFAULT NULL,
  `EMP_NOMBRE_CONYUGE` varchar(60) DEFAULT NULL,
  `EMP_NUMERO_HIJOS` int(11) DEFAULT NULL,
  `EMP_EMERG_NOMBRE` varchar(60) DEFAULT NULL,
  `EMP_EMERG_PARENTESCO` varchar(20) DEFAULT NULL,
  `EMP_EMERG_TELEFONO` varchar(15) DEFAULT NULL,
  `EMP_FECHA_INGRESO` date DEFAULT NULL,
  `EMP_FECHA_SALIDA` date DEFAULT NULL,
  `EMP_MENS` tinyint(1) NOT NULL DEFAULT '0',
  `EMP_ACTIVADO` tinyint(1) NOT NULL DEFAULT '0',
  `CREADO` datetime NOT NULL DEFAULT '0000-00-00 00:00:00',
  `EMP_MODIFICADO` timestamp NOT NULL DEFAULT CURRENT_TIMESTAMP ON UPDATE CURRENT_TIMESTAMP,
  `ORGANIZACION_ID` int(11) DEFAULT NULL,
  `CUADRILLA_ID` int(11) DEFAULT NULL,
  `TIPO_ID` int(11) DEFAULT NULL,
  `TARJETA_ID` int(11) DEFAULT NULL,
  `CARGO_ID` int(11) DEFAULT NULL,
  `USUARIO_ID` int(11) DEFAULT NULL,
  PRIMARY KEY (`EMP_ID`),
  KEY `FK_CARGO_ID` (`CARGO_ID`),
  KEY `FK_CUADRILLA_ID` (`CUADRILLA_ID`),
  KEY `FK_PROVINCIA_NACIMIENTO` (`PROVINCIA_NACIMIENTO`),
  KEY `FK_CANTON_NACIMIENTO` (`CANTON_NACIMIENTO`),
  KEY `FK_PARROQUIA_NACIMIENTO` (`PARROQUIA_NACIMIENTO`),
  KEY `FK_ORGANIZACION_ID` (`ORGANIZACION_ID`),
  KEY `FK_PROVINCIA_RESIDENCIA` (`PROVINCIA_RESIDENCIA`),
  KEY `FK_TARJETA_ID` (`TARJETA_ID`),
  KEY `FK_USUARIO_ID` (`USUARIO_ID`),
  CONSTRAINT `FK_CANTON_NACIMIENTO` FOREIGN KEY (`CANTON_NACIMIENTO`) REFERENCES `cantones` (`CNT_ID`),
  CONSTRAINT `FK_CARGO_ID` FOREIGN KEY (`CARGO_ID`) REFERENCES `cargos` (`CRG_ID`),
  CONSTRAINT `FK_CUADRILLA_ID` FOREIGN KEY (`CUADRILLA_ID`) REFERENCES `cuadrillas` (`CDR_ID`),
  CONSTRAINT `FK_ORGANIZACION_ID` FOREIGN KEY (`ORGANIZACION_ID`) REFERENCES `organizaciones` (`ORG_ID`),
  CONSTRAINT `FK_PARROQUIA_NACIMIENTO` FOREIGN KEY (`PARROQUIA_NACIMIENTO`) REFERENCES `parroquias` (`PRR_ID`),
  CONSTRAINT `FK_PROVINCIA_NACIMIENTO` FOREIGN KEY (`PROVINCIA_NACIMIENTO`) REFERENCES `provincias` (`PRV_ID`),
  CONSTRAINT `FK_PROVINCIA_RESIDENCIA` FOREIGN KEY (`PROVINCIA_RESIDENCIA`) REFERENCES `provincias` (`PRV_ID`),
  CONSTRAINT `FK_USUARIO_ID` FOREIGN KEY (`USUARIO_ID`) REFERENCES `users` (`id`) ON DELETE CASCADE
) ENGINE=InnoDB AUTO_INCREMENT=5 DEFAULT CHARSET=utf8;
/*!40101 SET character_set_client = @saved_cs_client */;

--
-- Dumping data for table `empleados`
--

LOCK TABLES `empleados` WRITE;
/*!40000 ALTER TABLE `empleados` DISABLE KEYS */;
INSERT INTO `empleados` VALUES (1,'Usuario De Prueba A','1717709969','1990-10-14',NULL,NULL,NULL,NULL,NULL,NULL,NULL,1,NULL,'Tipo O Rh -',NULL,NULL,NULL,NULL,NULL,'2015-06-01',NULL,0,1,'0000-00-00 00:00:00','2015-06-23 00:32:04',NULL,NULL,NULL,NULL,1,NULL),(2,'Usuario A','1717709970','1990-10-14',NULL,NULL,NULL,NULL,NULL,NULL,NULL,1,NULL,'Tipo O Rh +',NULL,NULL,NULL,NULL,NULL,'2015-06-01',NULL,0,0,'0000-00-00 00:00:00','2015-06-23 00:32:14',NULL,NULL,NULL,NULL,1,NULL),(3,'Usuario De Prueba B','1717709968','1990-10-14',NULL,NULL,NULL,NULL,NULL,NULL,NULL,0,NULL,'Tipo O Rh +',NULL,NULL,NULL,NULL,NULL,'2015-06-22',NULL,0,0,'2015-06-22 19:28:05','2015-06-23 00:32:10',NULL,NULL,NULL,NULL,1,NULL),(4,'Usuario De Prueba C','1717709966','1990-10-14',NULL,NULL,NULL,NULL,NULL,NULL,NULL,0,NULL,'Tipo O Rh +',NULL,NULL,NULL,NULL,NULL,'2015-06-01',NULL,0,1,'2015-06-22 19:33:52','2015-06-23 01:19:21',NULL,NULL,NULL,NULL,2,NULL);
/*!40000 ALTER TABLE `empleados` ENABLE KEYS */;
UNLOCK TABLES;

--
-- Table structure for table `feriados`
--

DROP TABLE IF EXISTS `feriados`;
/*!40101 SET @saved_cs_client     = @@character_set_client */;
/*!40101 SET character_set_client = utf8 */;
CREATE TABLE `feriados` (
  `FRD_ID` int(11) NOT NULL AUTO_INCREMENT,
  `FRD_DESCRIPCION` varchar(50) NOT NULL,
  `FRD_DIA` int(11) NOT NULL,
  `FRD_MES` int(11) NOT NULL,
  `FRD_RECUPERABLE` tinyint(1) DEFAULT '0',
  `FRD_ESTADO` tinyint(1) NOT NULL DEFAULT '1',
  `CREADO` datetime NOT NULL DEFAULT CURRENT_TIMESTAMP,
  `FRD_MODIFICADO` timestamp NOT NULL DEFAULT CURRENT_TIMESTAMP ON UPDATE CURRENT_TIMESTAMP,
  PRIMARY KEY (`FRD_ID`),
  UNIQUE KEY `UK_FERIADO` (`FRD_DESCRIPCION`,`FRD_DIA`,`FRD_MES`)
) ENGINE=InnoDB AUTO_INCREMENT=15 DEFAULT CHARSET=utf8;
/*!40101 SET character_set_client = @saved_cs_client */;

--
-- Dumping data for table `feriados`
--

LOCK TABLES `feriados` WRITE;
/*!40000 ALTER TABLE `feriados` DISABLE KEYS */;
INSERT INTO `feriados` VALUES (1,'Año Nuevo',1,1,0,1,'2015-05-20 02:06:48','2015-05-20 07:06:48'),(2,'Año Nuevo',2,1,0,1,'2015-05-20 02:06:48','2015-05-20 07:06:48'),(3,'Año Nuevo',3,1,0,1,'2015-05-20 02:06:48','2015-05-20 07:06:48'),(4,'Año Nuevo',4,1,0,1,'2015-05-20 02:06:48','2015-05-20 07:06:48'),(5,'Carnaval',16,2,0,1,'2015-05-20 02:06:48','2015-05-20 07:06:48'),(6,'Carnaval',17,2,0,1,'2015-05-20 02:06:48','2015-05-20 07:06:48'),(7,'Viernes Santo',3,4,0,1,'2015-05-20 02:06:48','2015-05-20 07:06:48'),(8,'Día del Trabajo',1,5,0,1,'2015-05-20 02:06:48','2015-05-20 07:06:48'),(9,'Batalla de Pichincha',24,5,0,1,'2015-05-20 02:06:48','2015-05-20 07:06:48'),(10,'Primer Grito de Independencia',10,9,0,1,'2015-05-20 02:06:48','2015-05-20 07:06:48'),(11,'Independencia de Guayaquil',9,10,0,1,'2015-05-20 02:06:48','2015-05-20 07:06:48'),(12,'Día de Difuntos',2,11,0,1,'2015-05-20 02:06:48','2015-05-20 07:06:48'),(13,'Independencia de Cuenca',3,11,0,1,'2015-05-20 02:06:48','2015-05-20 07:06:48'),(14,'Navidad',25,12,0,1,'2015-05-20 02:06:48','2015-05-20 07:06:48');
/*!40000 ALTER TABLE `feriados` ENABLE KEYS */;
UNLOCK TABLES;

--
-- Table structure for table `horarios`
--

DROP TABLE IF EXISTS `horarios`;
/*!40101 SET @saved_cs_client     = @@character_set_client */;
/*!40101 SET character_set_client = utf8 */;
CREATE TABLE `horarios` (
  `HRR_ID` int(11) NOT NULL AUTO_INCREMENT,
  `HRR_HORA_INICIO` time NOT NULL,
  `HRR_HORA_FIN` time NOT NULL,
  `CREADO` datetime NOT NULL DEFAULT '0000-00-00 00:00:00',
  PRIMARY KEY (`HRR_ID`)
) ENGINE=InnoDB AUTO_INCREMENT=6 DEFAULT CHARSET=utf8;
/*!40101 SET character_set_client = @saved_cs_client */;

--
-- Dumping data for table `horarios`
--

LOCK TABLES `horarios` WRITE;
/*!40000 ALTER TABLE `horarios` DISABLE KEYS */;
INSERT INTO `horarios` VALUES (2,'01:00:00','12:00:00','0000-00-00 00:00:00'),(3,'04:00:00','18:15:00','0000-00-00 00:00:00'),(4,'18:40:00','20:15:00','0000-00-00 00:00:00'),(5,'12:05:00','19:35:00','2015-06-22 19:36:00');
/*!40000 ALTER TABLE `horarios` ENABLE KEYS */;
UNLOCK TABLES;

--
-- Table structure for table `jornadas`
--

DROP TABLE IF EXISTS `jornadas`;
/*!40101 SET @saved_cs_client     = @@character_set_client */;
/*!40101 SET character_set_client = utf8 */;
CREATE TABLE `jornadas` (
  `JRN_ID` int(11) NOT NULL AUTO_INCREMENT,
  `JRN_DIAS_TRABAJO` smallint(2) NOT NULL,
  `JRN_DIAS_DESCANSO` smallint(2) NOT NULL,
  `CREADO` datetime NOT NULL DEFAULT '0000-00-00 00:00:00',
  PRIMARY KEY (`JRN_ID`)
) ENGINE=InnoDB AUTO_INCREMENT=3 DEFAULT CHARSET=utf8;
/*!40101 SET character_set_client = @saved_cs_client */;

--
-- Dumping data for table `jornadas`
--

LOCK TABLES `jornadas` WRITE;
/*!40000 ALTER TABLE `jornadas` DISABLE KEYS */;
INSERT INTO `jornadas` VALUES (1,21,7,'0000-00-00 00:00:00'),(2,6,7,'0000-00-00 00:00:00');
/*!40000 ALTER TABLE `jornadas` ENABLE KEYS */;
UNLOCK TABLES;

--
-- Table structure for table `login_attempts`
--

DROP TABLE IF EXISTS `login_attempts`;
/*!40101 SET @saved_cs_client     = @@character_set_client */;
/*!40101 SET character_set_client = utf8 */;
CREATE TABLE `login_attempts` (
  `id` int(11) NOT NULL AUTO_INCREMENT,
  `ip_address` varchar(40) COLLATE utf8_bin NOT NULL,
  `login` varchar(50) COLLATE utf8_bin NOT NULL,
  `time` timestamp NOT NULL DEFAULT CURRENT_TIMESTAMP ON UPDATE CURRENT_TIMESTAMP,
  PRIMARY KEY (`id`)
) ENGINE=InnoDB AUTO_INCREMENT=3 DEFAULT CHARSET=utf8 COLLATE=utf8_bin;
/*!40101 SET character_set_client = @saved_cs_client */;

--
-- Dumping data for table `login_attempts`
--

LOCK TABLES `login_attempts` WRITE;
/*!40000 ALTER TABLE `login_attempts` DISABLE KEYS */;
INSERT INTO `login_attempts` VALUES (1,'::1','dan','2015-06-22 23:05:52'),(2,'::1','dan','2015-06-22 23:05:54');
/*!40000 ALTER TABLE `login_attempts` ENABLE KEYS */;
UNLOCK TABLES;

--
-- Table structure for table `modulos`
--

DROP TABLE IF EXISTS `modulos`;
/*!40101 SET @saved_cs_client     = @@character_set_client */;
/*!40101 SET character_set_client = utf8 */;
CREATE TABLE `modulos` (
  `MDL_ID` int(11) NOT NULL AUTO_INCREMENT,
  `MDL_DESCRIPCION` varchar(50) COLLATE utf8_bin NOT NULL,
  `ADMIN` tinyint(1) NOT NULL DEFAULT '0',
  `MDL_NAV_BAR` tinyint(1) NOT NULL,
  `ACTIVADO` tinyint(1) NOT NULL DEFAULT '1',
  `CREADO` datetime NOT NULL DEFAULT '0000-00-00 00:00:00',
  `MODIFICADO` timestamp NOT NULL DEFAULT CURRENT_TIMESTAMP ON UPDATE CURRENT_TIMESTAMP,
  PRIMARY KEY (`MDL_ID`)
) ENGINE=InnoDB AUTO_INCREMENT=18 DEFAULT CHARSET=utf8 COLLATE=utf8_bin;
/*!40101 SET character_set_client = @saved_cs_client */;

--
-- Dumping data for table `modulos`
--

LOCK TABLES `modulos` WRITE;
/*!40000 ALTER TABLE `modulos` DISABLE KEYS */;
INSERT INTO `modulos` VALUES (1,'Empleados',0,1,1,'2015-03-31 00:44:15','2015-06-23 00:43:35'),(2,'Cargos',0,1,1,'2015-06-21 02:47:59','2015-06-23 00:43:39'),(3,'Pagos',0,1,1,'2015-06-21 02:47:59','2015-06-23 00:44:33'),(4,'Anticipos',0,1,1,'2015-06-21 02:47:59','2015-06-23 00:44:27'),(5,'Cuadrillas',0,2,1,'2015-06-21 02:47:59','2015-06-23 00:46:47'),(6,'Proyectos',0,2,1,'2015-06-21 02:47:59','2015-06-23 00:46:49'),(7,'Jornadas',0,2,1,'2015-06-21 02:47:59','2015-06-23 00:46:54'),(8,'Horarios',0,2,1,'2015-03-31 00:44:15','2015-06-23 00:46:37'),(9,'Periodos_salida',0,3,1,'2015-05-27 02:56:07','2015-06-23 00:48:15'),(10,'Vacaciones',0,3,1,'2015-05-27 02:51:40','2015-06-23 00:48:19'),(11,'Tipos_permiso',0,3,1,'2015-05-27 03:36:13','2015-06-23 00:48:23'),(12,'Usuarios',1,4,1,'2015-03-31 00:44:15','2015-06-23 00:50:34'),(13,'Roles',1,4,1,'2015-03-31 00:44:15','2015-06-23 00:50:31'),(14,'Modulos',1,4,1,'2015-03-31 00:44:15','2015-06-23 00:50:39'),(15,'Permisos',1,4,1,'2015-03-31 00:44:15','2015-06-23 00:50:42'),(17,'Tarjetas',0,0,1,'0000-00-00 00:00:00','2015-06-23 01:28:12');
/*!40000 ALTER TABLE `modulos` ENABLE KEYS */;
UNLOCK TABLES;

--
-- Table structure for table `organizaciones`
--

DROP TABLE IF EXISTS `organizaciones`;
/*!40101 SET @saved_cs_client     = @@character_set_client */;
/*!40101 SET character_set_client = utf8 */;
CREATE TABLE `organizaciones` (
  `ORG_ID` int(11) NOT NULL AUTO_INCREMENT,
  `ORG_NOMBRE` varchar(60) DEFAULT NULL,
  `CREADO` datetime NOT NULL DEFAULT '0000-00-00 00:00:00',
  `ORG_MODIFICADO` timestamp NOT NULL DEFAULT CURRENT_TIMESTAMP ON UPDATE CURRENT_TIMESTAMP,
  PRIMARY KEY (`ORG_ID`)
) ENGINE=InnoDB AUTO_INCREMENT=2 DEFAULT CHARSET=utf8;
/*!40101 SET character_set_client = @saved_cs_client */;

--
-- Dumping data for table `organizaciones`
--

LOCK TABLES `organizaciones` WRITE;
/*!40000 ALTER TABLE `organizaciones` DISABLE KEYS */;
INSERT INTO `organizaciones` VALUES (1,'ODEBRETCH','2015-06-22 13:27:03','2015-06-22 18:27:26');
/*!40000 ALTER TABLE `organizaciones` ENABLE KEYS */;
UNLOCK TABLES;

--
-- Table structure for table `pagos`
--

DROP TABLE IF EXISTS `pagos`;
/*!40101 SET @saved_cs_client     = @@character_set_client */;
/*!40101 SET character_set_client = utf8 */;
CREATE TABLE `pagos` (
  `PGS_ID` int(11) NOT NULL,
  `EMPLEADO_ID` int(11) NOT NULL,
  `EMPLEADO_CARGO` varchar(60) NOT NULL,
  `EMPLEADO_SUELDO` double NOT NULL,
  `PGS_DIAS_TRABAJADOS` int(3) NOT NULL,
  `PGS_SUELDO_GANADO` double NOT NULL,
  `PGS_HORAS_EXTRAS_50` int(11) NOT NULL,
  `PGS_HORAS_EXTRAS_100` int(11) NOT NULL,
  `PGS_VALOR_HORAS_EXTRAS` double NOT NULL,
  `PGS_COMISIONES` double NOT NULL,
  `PGS_INGRESOS` double NOT NULL,
  `PGS_IESS` double NOT NULL,
  `PGS_QUIROGRAFARIO` double NOT NULL,
  `PGS_ANTICIPOS` double NOT NULL,
  `PGS_DESCUENTOS` double NOT NULL,
  `PGS_TOTAL` double NOT NULL,
  `CREADO` datetime NOT NULL DEFAULT '0000-00-00 00:00:00',
  KEY `FK_PGS_EMPLEADO_ID` (`EMPLEADO_ID`),
  CONSTRAINT `FK_PGS_EMPLEADO_ID` FOREIGN KEY (`EMPLEADO_ID`) REFERENCES `empleados` (`EMP_ID`)
) ENGINE=InnoDB DEFAULT CHARSET=utf8;
/*!40101 SET character_set_client = @saved_cs_client */;

--
-- Dumping data for table `pagos`
--

LOCK TABLES `pagos` WRITE;
/*!40000 ALTER TABLE `pagos` DISABLE KEYS */;
/*!40000 ALTER TABLE `pagos` ENABLE KEYS */;
UNLOCK TABLES;

--
-- Table structure for table `parroquias`
--

DROP TABLE IF EXISTS `parroquias`;
/*!40101 SET @saved_cs_client     = @@character_set_client */;
/*!40101 SET character_set_client = utf8 */;
CREATE TABLE `parroquias` (
  `PRR_ID` int(11) NOT NULL AUTO_INCREMENT,
  `PRR_NOMBRE` varchar(60) DEFAULT NULL,
  `CREADO` datetime NOT NULL DEFAULT '0000-00-00 00:00:00',
  `PRR_MODIFICADO` timestamp NOT NULL DEFAULT CURRENT_TIMESTAMP ON UPDATE CURRENT_TIMESTAMP,
  `CANTON_ID` int(11) DEFAULT NULL,
  PRIMARY KEY (`PRR_ID`),
  KEY `FK_CANTON_ID` (`CANTON_ID`),
  CONSTRAINT `FK_CANTON_ID` FOREIGN KEY (`CANTON_ID`) REFERENCES `cantones` (`CNT_ID`)
) ENGINE=InnoDB AUTO_INCREMENT=1025 DEFAULT CHARSET=utf8;
/*!40101 SET character_set_client = @saved_cs_client */;

--
-- Dumping data for table `parroquias`
--

LOCK TABLES `parroquias` WRITE;
/*!40000 ALTER TABLE `parroquias` DISABLE KEYS */;
INSERT INTO `parroquias` VALUES (1,'Camilo Ponce Enriquez','2015-04-05 20:52:57','2015-04-06 01:52:57',1),(2,'El Carmen De Pijili','2015-04-05 20:52:57','2015-04-06 01:52:57',1),(3,'Chordeleg','2015-04-05 20:52:57','2015-04-06 01:52:57',2),(4,'La Union','2015-04-05 20:52:57','2015-04-06 01:52:57',2),(5,'Luis Galarza Orellana','2015-04-05 20:52:57','2015-04-06 01:52:57',2),(6,'Principal','2015-04-05 20:52:57','2015-04-06 01:52:57',2),(7,'San Martin De Puzhio','2015-04-05 20:52:57','2015-04-06 01:52:57',2),(8,'Baños','2015-04-05 20:52:58','2015-04-06 01:52:58',3),(9,'Chaucha','2015-04-05 20:52:58','2015-04-06 01:52:58',3),(10,'Checa (Jidcay)','2015-04-05 20:52:58','2015-04-06 01:52:58',3),(11,'Chiquintad','2015-04-05 20:52:58','2015-04-06 01:52:58',3),(12,'Cuenca','2015-04-05 20:52:58','2015-04-06 01:52:58',3),(13,'Cumbe','2015-04-05 20:52:58','2015-04-06 01:52:58',3),(14,'Llacao','2015-04-05 20:52:58','2015-04-06 01:52:58',3),(15,'Molleturo','2015-04-05 20:52:58','2015-04-06 01:52:58',3),(16,'Nulti','2015-04-05 20:52:58','2015-04-06 01:52:58',3),(17,'Octavio Cordero Palacios','2015-04-05 20:52:58','2015-04-06 01:52:58',3),(18,'Paccha','2015-04-05 20:52:58','2015-04-06 01:52:58',3),(19,'Quingeo','2015-04-05 20:52:58','2015-04-06 01:52:58',3),(20,'Ricaurte','2015-04-05 20:52:58','2015-04-06 01:52:58',3),(21,'San Joaquin','2015-04-05 20:52:58','2015-04-06 01:52:58',3),(22,'Santa Ana','2015-04-05 20:52:58','2015-04-06 01:52:58',3),(23,'Sayausi','2015-04-05 20:52:58','2015-04-06 01:52:58',3),(24,'Sidcay','2015-04-05 20:52:58','2015-04-06 01:52:58',3),(25,'Sinincay','2015-04-05 20:52:58','2015-04-06 01:52:58',3),(26,'Tarqui','2015-04-05 20:52:58','2015-04-06 01:52:58',3),(27,'Turi','2015-04-05 20:52:59','2015-04-06 01:52:59',3),(28,'Valle','2015-04-05 20:52:59','2015-04-06 01:52:59',3),(29,'Victoria Del Portete','2015-04-05 20:52:59','2015-04-06 01:52:59',3),(30,'El Pan','2015-04-05 20:52:59','2015-04-06 01:52:59',4),(31,'San Vicente','2015-04-05 20:52:59','2015-04-06 01:52:59',4),(32,'Asuncion','2015-04-05 20:52:59','2015-04-06 01:52:59',5),(33,'Giron','2015-04-05 20:52:59','2015-04-06 01:52:59',5),(34,'San Gerardo','2015-04-05 20:52:59','2015-04-06 01:52:59',5),(35,'Guachapala','2015-04-05 20:52:59','2015-04-06 01:52:59',6),(36,'Daniel Cordova Toral','2015-04-05 20:52:59','2015-04-06 01:52:59',7),(37,'Gualaceo','2015-04-05 20:52:59','2015-04-06 01:52:59',7),(38,'Jadan','2015-04-05 20:52:59','2015-04-06 01:52:59',7),(39,'Luis Cordero Vega','2015-04-05 20:52:59','2015-04-06 01:52:59',7),(40,'Mariano Moreno','2015-04-05 20:52:59','2015-04-06 01:52:59',7),(41,'Remigio Crespo Toral','2015-04-05 20:52:59','2015-04-06 01:52:59',7),(42,'San Juan','2015-04-05 20:52:59','2015-04-06 01:52:59',7),(43,'Simon Bolivar','2015-04-05 20:52:59','2015-04-06 01:52:59',7),(44,'Zhidmad','2015-04-05 20:52:59','2015-04-06 01:52:59',7),(45,'Cochapata','2015-04-05 20:52:59','2015-04-06 01:52:59',8),(46,'El Progreso','2015-04-05 20:52:59','2015-04-06 01:52:59',8),(47,'Las Nieves (Chaya)','2015-04-05 20:52:59','2015-04-06 01:52:59',8),(48,'Nabon','2015-04-05 20:52:59','2015-04-06 01:52:59',8),(49,'Oña','2015-04-05 20:52:59','2015-04-06 01:52:59',9),(50,'Susudel','2015-04-05 20:52:59','2015-04-06 01:52:59',9),(51,'Bulan','2015-04-05 20:52:59','2015-04-06 01:52:59',10),(52,'Chican','2015-04-05 20:52:59','2015-04-06 01:52:59',10),(53,'Dug-Dug','2015-04-05 20:52:59','2015-04-06 01:52:59',10),(54,'El Cabo','2015-04-05 20:53:00','2015-04-06 01:53:00',10),(55,'Guarainag','2015-04-05 20:53:00','2015-04-06 01:53:00',10),(56,'Paute','2015-04-05 20:53:00','2015-04-06 01:53:00',10),(57,'San Cristobal','2015-04-05 20:53:00','2015-04-06 01:53:00',10),(58,'Tomebamba','2015-04-05 20:53:00','2015-04-06 01:53:00',10),(59,'Pucara','2015-04-05 20:53:00','2015-04-06 01:53:00',11),(60,'San Rafael De Sharug','2015-04-05 20:53:00','2015-04-06 01:53:00',11),(61,'Chumblin','2015-04-05 20:53:00','2015-04-06 01:53:00',12),(62,'San Fernando','2015-04-05 20:53:00','2015-04-06 01:53:00',12),(63,'Abdon Calderon','2015-04-05 20:53:00','2015-04-06 01:53:00',13),(64,'Santa Isabel','2015-04-05 20:53:00','2015-04-06 01:53:00',13),(65,'Zhaglli','2015-04-05 20:53:00','2015-04-06 01:53:00',13),(66,'Amaluza','2015-04-05 20:53:00','2015-04-06 01:53:00',14),(67,'Palmas','2015-04-05 20:53:00','2015-04-06 01:53:00',14),(68,'Sevilla De Oro','2015-04-05 20:53:00','2015-04-06 01:53:00',14),(69,'Cuchil','2015-04-05 20:53:00','2015-04-06 01:53:00',15),(70,'Gima','2015-04-05 20:53:00','2015-04-06 01:53:00',15),(71,'Guel','2015-04-05 20:53:00','2015-04-06 01:53:00',15),(72,'Ludo','2015-04-05 20:53:00','2015-04-06 01:53:00',15),(73,'San Bartolome','2015-04-05 20:53:00','2015-04-06 01:53:00',15),(74,'San Jose De Raranga','2015-04-05 20:53:00','2015-04-06 01:53:00',15),(75,'Sigsig','2015-04-05 20:53:00','2015-04-06 01:53:00',15),(76,'Caluma','2015-04-05 20:53:00','2015-04-06 01:53:00',16),(77,'Chillanes','2015-04-05 20:53:00','2015-04-06 01:53:00',17),(78,'San Jose Del Tambo','2015-04-05 20:53:00','2015-04-06 01:53:00',17),(79,'Echeandia','2015-04-05 20:53:00','2015-04-06 01:53:00',18),(80,'Facundo Vela','2015-04-05 20:53:00','2015-04-06 01:53:00',19),(81,'Guaranda','2015-04-05 20:53:00','2015-04-06 01:53:00',19),(82,'Julio E. Moreno','2015-04-05 20:53:00','2015-04-06 01:53:00',19),(83,'Salinas','2015-04-05 20:53:00','2015-04-06 01:53:00',19),(84,'San Lorenzo','2015-04-05 20:53:00','2015-04-06 01:53:00',19),(85,'San Luis De Pambil','2015-04-05 20:53:00','2015-04-06 01:53:00',19),(86,'San Simon (Yacoto)','2015-04-05 20:53:00','2015-04-06 01:53:00',19),(87,'Santafe (Santa Fe)','2015-04-05 20:53:00','2015-04-06 01:53:00',19),(88,'Simiatug','2015-04-05 20:53:00','2015-04-06 01:53:00',19),(89,'Las Naves','2015-04-05 20:53:00','2015-04-06 01:53:00',20),(90,'Asuncion (Asancoto)','2015-04-05 20:53:00','2015-04-06 01:53:00',21),(91,'Magdalena (Chapacoto)','2015-04-05 20:53:01','2015-04-06 01:53:01',21),(92,'San Jose De Chimbo','2015-04-05 20:53:01','2015-04-06 01:53:01',21),(93,'San Sebastian','2015-04-05 20:53:01','2015-04-06 01:53:01',21),(94,'Telimbela','2015-04-05 20:53:01','2015-04-06 01:53:01',21),(95,'Balsapamba','2015-04-05 20:53:01','2015-04-06 01:53:01',22),(96,'Bilovan','2015-04-05 20:53:01','2015-04-06 01:53:01',22),(97,'Regulo De Mora','2015-04-05 20:53:01','2015-04-06 01:53:01',22),(98,'San Miguel','2015-04-05 20:53:01','2015-04-06 01:53:01',22),(99,'San Pablo','2015-04-05 20:53:01','2015-04-06 01:53:01',22),(100,'San Vicente','2015-04-05 20:53:01','2015-04-06 01:53:01',22),(101,'Santiago','2015-04-05 20:53:01','2015-04-06 01:53:01',22),(102,'Azogues','2015-04-05 20:53:01','2015-04-06 01:53:01',23),(103,'Cojitambo','2015-04-05 20:53:01','2015-04-06 01:53:01',23),(104,'Guapan','2015-04-05 20:53:01','2015-04-06 01:53:01',23),(105,'Javier Loyola','2015-04-05 20:53:01','2015-04-06 01:53:01',23),(106,'Luis Cordero','2015-04-05 20:53:01','2015-04-06 01:53:01',23),(107,'Pindilig','2015-04-05 20:53:01','2015-04-06 01:53:01',23),(108,'Rivera','2015-04-05 20:53:01','2015-04-06 01:53:01',23),(109,'San Miguel','2015-04-05 20:53:01','2015-04-06 01:53:01',23),(110,'Taday','2015-04-05 20:53:01','2015-04-06 01:53:01',23),(111,'Biblian','2015-04-05 20:53:01','2015-04-06 01:53:01',24),(112,'Jerusalen','2015-04-05 20:53:01','2015-04-06 01:53:01',24),(113,'Nazon','2015-04-05 20:53:01','2015-04-06 01:53:01',24),(114,'San Francisco De Sageo','2015-04-05 20:53:01','2015-04-06 01:53:01',24),(115,'Turupamba','2015-04-05 20:53:01','2015-04-06 01:53:01',24),(116,'Cañar','2015-04-05 20:53:01','2015-04-06 01:53:01',25),(117,'Chontamarca','2015-04-05 20:53:02','2015-04-06 01:53:02',25),(118,'Chorocopte','2015-04-05 20:53:02','2015-04-06 01:53:02',25),(119,'Ducur','2015-04-05 20:53:02','2015-04-06 01:53:02',25),(120,'General Morales','2015-04-05 20:53:02','2015-04-06 01:53:02',25),(121,'Gualleturo','2015-04-05 20:53:02','2015-04-06 01:53:02',25),(122,'Honorato Vasquez','2015-04-05 20:53:02','2015-04-06 01:53:02',25),(123,'Ingapirca','2015-04-05 20:53:02','2015-04-06 01:53:02',25),(124,'Juncal','2015-04-05 20:53:02','2015-04-06 01:53:02',25),(125,'San Antonio','2015-04-05 20:53:02','2015-04-06 01:53:02',25),(126,'Ventura','2015-04-05 20:53:02','2015-04-06 01:53:02',25),(127,'Zhud','2015-04-05 20:53:02','2015-04-06 01:53:02',25),(128,'Deleg','2015-04-05 20:53:02','2015-04-06 01:53:02',26),(129,'Solano','2015-04-05 20:53:02','2015-04-06 01:53:02',26),(130,'El Tambo','2015-04-05 20:53:02','2015-04-06 01:53:02',27),(131,'La Troncal','2015-04-05 20:53:02','2015-04-06 01:53:02',28),(132,'Manuel J. Calle','2015-04-05 20:53:02','2015-04-06 01:53:02',28),(133,'Pancho Negro','2015-04-05 20:53:02','2015-04-06 01:53:02',28),(134,'Suscal','2015-04-05 20:53:02','2015-04-06 01:53:02',29),(135,'Bolivar','2015-04-05 20:53:02','2015-04-06 01:53:02',30),(136,'Garcia Moreno','2015-04-05 20:53:02','2015-04-06 01:53:02',30),(137,'Los Andes','2015-04-05 20:53:02','2015-04-06 01:53:02',30),(138,'Monte Olivo','2015-04-05 20:53:02','2015-04-06 01:53:02',30),(139,'San Rafael','2015-04-05 20:53:02','2015-04-06 01:53:02',30),(140,'San Vicente De Pusir','2015-04-05 20:53:02','2015-04-06 01:53:02',30),(141,'El Angel','2015-04-05 20:53:02','2015-04-06 01:53:02',31),(142,'El Goaltal','2015-04-05 20:53:02','2015-04-06 01:53:02',31),(143,'La Libertad (Alizo)','2015-04-05 20:53:02','2015-04-06 01:53:02',31),(144,'San Isidro','2015-04-05 20:53:03','2015-04-06 01:53:03',31),(145,'Concepcion','2015-04-05 20:53:03','2015-04-06 01:53:03',32),(146,'Jijon Y Caamaño','2015-04-05 20:53:03','2015-04-06 01:53:03',32),(147,'Juan Montalvo','2015-04-05 20:53:03','2015-04-06 01:53:03',32),(148,'Mira (Chontahuasi)','2015-04-05 20:53:03','2015-04-06 01:53:03',32),(149,'Chitan De Navarrete','2015-04-05 20:53:03','2015-04-06 01:53:03',33),(150,'Cristobal Colon','2015-04-05 20:53:03','2015-04-06 01:53:03',33),(151,'Fernandez Salvador','2015-04-05 20:53:03','2015-04-06 01:53:03',33),(152,'La Paz','2015-04-05 20:53:03','2015-04-06 01:53:03',33),(153,'Piartal','2015-04-05 20:53:03','2015-04-06 01:53:03',33),(154,'San Gabriel','2015-04-05 20:53:03','2015-04-06 01:53:03',33),(155,'Huaca','2015-04-05 20:53:03','2015-04-06 01:53:03',34),(156,'Mariscal Sucre','2015-04-05 20:53:03','2015-04-06 01:53:03',34),(157,'El Carmelo (El Pun)','2015-04-05 20:53:03','2015-04-06 01:53:03',35),(158,'El Chical','2015-04-05 20:53:03','2015-04-06 01:53:03',35),(159,'Julio Andrade (Orejuela)','2015-04-05 20:53:03','2015-04-06 01:53:03',35),(160,'Maldonado','2015-04-05 20:53:03','2015-04-06 01:53:03',35),(161,'Pioter','2015-04-05 20:53:03','2015-04-06 01:53:03',35),(162,'Santa Martha De Cuba','2015-04-05 20:53:03','2015-04-06 01:53:03',35),(163,'Tobar Donoso (La Bocana)','2015-04-05 20:53:03','2015-04-06 01:53:03',35),(164,'Tufiño','2015-04-05 20:53:03','2015-04-06 01:53:03',35),(165,'Tulcan','2015-04-05 20:53:03','2015-04-06 01:53:03',35),(166,'Urbina (Taya)','2015-04-05 20:53:03','2015-04-06 01:53:03',35),(167,'Achupallas','2015-04-05 20:53:03','2015-04-06 01:53:03',36),(168,'Alausi','2015-04-05 20:53:03','2015-04-06 01:53:03',36),(169,'Guasuntos','2015-04-05 20:53:03','2015-04-06 01:53:03',36),(170,'Huigra','2015-04-05 20:53:03','2015-04-06 01:53:03',36),(171,'Multitud','2015-04-05 20:53:03','2015-04-06 01:53:03',36),(172,'Pistishi (Nariz Del Diablo)','2015-04-05 20:53:03','2015-04-06 01:53:03',36),(173,'Pumallacta (Pumal-Lacta)','2015-04-05 20:53:03','2015-04-06 01:53:03',36),(174,'Sevilla','2015-04-05 20:53:03','2015-04-06 01:53:03',36),(175,'Sibambe','2015-04-05 20:53:03','2015-04-06 01:53:03',36),(176,'Tixan','2015-04-05 20:53:03','2015-04-06 01:53:03',36),(177,'Chambo','2015-04-05 20:53:03','2015-04-06 01:53:03',37),(178,'Capzol','2015-04-05 20:53:03','2015-04-06 01:53:03',38),(179,'Chunchi','2015-04-05 20:53:03','2015-04-06 01:53:03',38),(180,'Compud','2015-04-05 20:53:04','2015-04-06 01:53:04',38),(181,'Gonzol','2015-04-05 20:53:04','2015-04-06 01:53:04',38),(182,'Llagos','2015-04-05 20:53:04','2015-04-06 01:53:04',38),(183,'Cañi','2015-04-05 20:53:04','2015-04-06 01:53:04',39),(184,'Columbe','2015-04-05 20:53:04','2015-04-06 01:53:04',39),(185,'Juan De Velasco (Pangor)','2015-04-05 20:53:04','2015-04-06 01:53:04',39),(186,'Santiago De Quito','2015-04-05 20:53:04','2015-04-06 01:53:04',39),(187,'Villa La Union','2015-04-05 20:53:04','2015-04-06 01:53:04',39),(188,'Cumanda','2015-04-05 20:53:04','2015-04-06 01:53:04',40),(189,'Cebadas','2015-04-05 20:53:04','2015-04-06 01:53:04',41),(190,'Guamote','2015-04-05 20:53:04','2015-04-06 01:53:04',41),(191,'Palmira','2015-04-05 20:53:04','2015-04-06 01:53:04',41),(192,'Guanando','2015-04-05 20:53:04','2015-04-06 01:53:04',42),(193,'Guano','2015-04-05 20:53:04','2015-04-06 01:53:04',42),(194,'Ilapo','2015-04-05 20:53:04','2015-04-06 01:53:04',42),(195,'La Providencia','2015-04-05 20:53:04','2015-04-06 01:53:04',42),(196,'San Andres','2015-04-05 20:53:04','2015-04-06 01:53:04',42),(197,'San Gerardo De Pacaicaguan','2015-04-05 20:53:04','2015-04-06 01:53:04',42),(198,'San Isidro De Patulu','2015-04-05 20:53:04','2015-04-06 01:53:04',42),(199,'San Jose Del Chazo','2015-04-05 20:53:04','2015-04-06 01:53:04',42),(200,'Santa Fe De Galan','2015-04-05 20:53:04','2015-04-06 01:53:04',42),(201,'Valparaiso','2015-04-05 20:53:04','2015-04-06 01:53:04',42),(202,'Pallatanga','2015-04-05 20:53:04','2015-04-06 01:53:04',43),(203,'Bilbao','2015-04-05 20:53:04','2015-04-06 01:53:04',44),(204,'El Altar','2015-04-05 20:53:04','2015-04-06 01:53:04',44),(205,'La Candelaria','2015-04-05 20:53:04','2015-04-06 01:53:04',44),(206,'Matus','2015-04-05 20:53:04','2015-04-06 01:53:04',44),(207,'Penipe','2015-04-05 20:53:04','2015-04-06 01:53:04',44),(208,'Puela','2015-04-05 20:53:04','2015-04-06 01:53:04',44),(209,'San Antonio De Bayushig','2015-04-05 20:53:05','2015-04-06 01:53:05',44),(210,'Cacha','2015-04-05 20:53:05','2015-04-06 01:53:05',45),(211,'Calpi','2015-04-05 20:53:05','2015-04-06 01:53:05',45),(212,'Cubijies','2015-04-05 20:53:05','2015-04-06 01:53:05',45),(213,'Flores','2015-04-05 20:53:05','2015-04-06 01:53:05',45),(214,'Lican','2015-04-05 20:53:05','2015-04-06 01:53:05',45),(215,'Licto','2015-04-05 20:53:05','2015-04-06 01:53:05',45),(216,'Pungala','2015-04-05 20:53:05','2015-04-06 01:53:05',45),(217,'Punin','2015-04-05 20:53:05','2015-04-06 01:53:05',45),(218,'Quimiag','2015-04-05 20:53:05','2015-04-06 01:53:05',45),(219,'Riobamba','2015-04-05 20:53:05','2015-04-06 01:53:05',45),(220,'San Juan','2015-04-05 20:53:05','2015-04-06 01:53:05',45),(221,'San Luis','2015-04-05 20:53:05','2015-04-06 01:53:05',45),(222,'Guasaganda','2015-04-05 20:53:05','2015-04-06 01:53:05',46),(223,'La Mana','2015-04-05 20:53:05','2015-04-06 01:53:05',46),(224,'Pucayacu','2015-04-05 20:53:05','2015-04-06 01:53:05',46),(225,'11 De Noviembre (Ilinchi','2015-04-05 20:53:05','2015-04-06 01:53:05',47),(226,'Alaques (Alaquez)','2015-04-05 20:53:05','2015-04-06 01:53:05',47),(227,'Belisario Quevedo','2015-04-05 20:53:05','2015-04-06 01:53:05',47),(228,'Guaitacama (Guaytacama)','2015-04-05 20:53:05','2015-04-06 01:53:05',47),(229,'Joseguango Bajo','2015-04-05 20:53:05','2015-04-06 01:53:05',47),(230,'Latacunga','2015-04-05 20:53:05','2015-04-06 01:53:05',47),(231,'Mulalo','2015-04-05 20:53:05','2015-04-06 01:53:05',47),(232,'Poalo','2015-04-05 20:53:05','2015-04-06 01:53:05',47),(233,'San Juan De Pastocalle','2015-04-05 20:53:06','2015-04-06 01:53:06',47),(234,'Tanicuchi','2015-04-05 20:53:06','2015-04-06 01:53:06',47),(235,'Toacaso','2015-04-05 20:53:06','2015-04-06 01:53:06',47),(236,'El Corazon','2015-04-05 20:53:06','2015-04-06 01:53:06',48),(237,'Moraspungo','2015-04-05 20:53:06','2015-04-06 01:53:06',48),(238,'Pinllopata','2015-04-05 20:53:06','2015-04-06 01:53:06',48),(239,'Ramon Campaña','2015-04-05 20:53:06','2015-04-06 01:53:06',48),(240,'Angamarca','2015-04-05 20:53:06','2015-04-06 01:53:06',49),(241,'Guangaje','2015-04-05 20:53:06','2015-04-06 01:53:06',49),(242,'La Victoria','2015-04-05 20:53:06','2015-04-06 01:53:06',49),(243,'Pilalo','2015-04-05 20:53:06','2015-04-06 01:53:06',49),(244,'Pujili','2015-04-05 20:53:06','2015-04-06 01:53:06',49),(245,'Tingo','2015-04-05 20:53:06','2015-04-06 01:53:06',49),(246,'Zumbahua','2015-04-05 20:53:06','2015-04-06 01:53:06',49),(247,'Antonio Jose Holguin','2015-04-05 20:53:06','2015-04-06 01:53:06',50),(248,'Cusubamba','2015-04-05 20:53:06','2015-04-06 01:53:06',50),(249,'Mulalillo','2015-04-05 20:53:06','2015-04-06 01:53:06',50),(250,'Mulliquindil (Santa Ana)','2015-04-05 20:53:06','2015-04-06 01:53:06',50),(251,'Pansaleo','2015-04-05 20:53:06','2015-04-06 01:53:06',50),(252,'San Miguel','2015-04-05 20:53:06','2015-04-06 01:53:06',50),(253,'Canchagua','2015-04-05 20:53:06','2015-04-06 01:53:06',51),(254,'Chantilin','2015-04-05 20:53:07','2015-04-06 01:53:07',51),(255,'Cochapamba','2015-04-05 20:53:07','2015-04-06 01:53:07',51),(256,'Saquisili','2015-04-05 20:53:07','2015-04-06 01:53:07',51),(257,'Chugchilan','2015-04-05 20:53:07','2015-04-06 01:53:07',52),(258,'Isinlivi','2015-04-05 20:53:07','2015-04-06 01:53:07',52),(259,'Las Pampas','2015-04-05 20:53:07','2015-04-06 01:53:07',52),(260,'Palo Quemado','2015-04-05 20:53:07','2015-04-06 01:53:07',52),(261,'Sigchos','2015-04-05 20:53:07','2015-04-06 01:53:07',52),(262,'Arenillas','2015-04-05 20:53:07','2015-04-06 01:53:07',53),(263,'Carcabon','2015-04-05 20:53:07','2015-04-06 01:53:07',53),(264,'Chacras','2015-04-05 20:53:07','2015-04-06 01:53:07',53),(265,'Palmales','2015-04-05 20:53:07','2015-04-06 01:53:07',53),(266,'Ayapamba','2015-04-05 20:53:07','2015-04-06 01:53:07',54),(267,'Cerro Azul','2015-04-05 20:53:07','2015-04-06 01:53:07',54),(268,'Cordoncillo','2015-04-05 20:53:08','2015-04-06 01:53:08',54),(269,'Milagro','2015-04-05 20:53:08','2015-04-06 01:53:08',54),(270,'Paccha','2015-04-05 20:53:08','2015-04-06 01:53:08',54),(271,'San Jose','2015-04-05 20:53:08','2015-04-06 01:53:08',54),(272,'Balsas','2015-04-05 20:53:08','2015-04-06 01:53:08',55),(273,'Bellamaria','2015-04-05 20:53:08','2015-04-06 01:53:08',55),(274,'Chilla','2015-04-05 20:53:08','2015-04-06 01:53:08',56),(275,'Barbones (Sucre)','2015-04-05 20:53:08','2015-04-06 01:53:08',57),(276,'El Guabo','2015-04-05 20:53:08','2015-04-06 01:53:08',57),(277,'La Iberia','2015-04-05 20:53:08','2015-04-06 01:53:08',57),(278,'Rio Bonito','2015-04-05 20:53:08','2015-04-06 01:53:08',57),(279,'Tendales','2015-04-05 20:53:09','2015-04-06 01:53:09',57),(280,'Huaquillas','2015-04-05 20:53:09','2015-04-06 01:53:09',58),(281,'El Paraiso','2015-04-05 20:53:09','2015-04-06 01:53:09',59),(282,'La Libertad','2015-04-05 20:53:09','2015-04-06 01:53:09',59),(283,'La Victoria','2015-04-05 20:53:09','2015-04-06 01:53:09',59),(284,'San Isidro','2015-04-05 20:53:09','2015-04-06 01:53:09',59),(285,'El Retiro','2015-04-05 20:53:09','2015-04-06 01:53:09',60),(286,'Machala','2015-04-05 20:53:09','2015-04-06 01:53:09',60),(287,'El Ingenio','2015-04-05 20:53:09','2015-04-06 01:53:09',61),(288,'Marcabeli','2015-04-05 20:53:09','2015-04-06 01:53:09',61),(289,'Buenavista','2015-04-05 20:53:09','2015-04-06 01:53:09',62),(290,'Caña Quemada','2015-04-05 20:53:09','2015-04-06 01:53:09',62),(291,'Casacay','2015-04-05 20:53:09','2015-04-06 01:53:09',62),(292,'La Peaña','2015-04-05 20:53:09','2015-04-06 01:53:09',62),(293,'Pasaje','2015-04-05 20:53:09','2015-04-06 01:53:09',62),(294,'Progreso','2015-04-05 20:53:09','2015-04-06 01:53:09',62),(295,'Uzhcurrumi','2015-04-05 20:53:09','2015-04-06 01:53:09',62),(296,'Capiro','2015-04-05 20:53:09','2015-04-06 01:53:09',63),(297,'La Bocana','2015-04-05 20:53:10','2015-04-06 01:53:10',63),(298,'Moromoro','2015-04-05 20:53:10','2015-04-06 01:53:10',63),(299,'Piedras','2015-04-05 20:53:10','2015-04-06 01:53:10',63),(300,'Piñas','2015-04-05 20:53:10','2015-04-06 01:53:10',63),(301,'San Roque','2015-04-05 20:53:10','2015-04-06 01:53:10',63),(302,'Saracay','2015-04-05 20:53:10','2015-04-06 01:53:10',63),(303,'Curtincapa','2015-04-05 20:53:10','2015-04-06 01:53:10',64),(304,'Morales','2015-04-05 20:53:10','2015-04-06 01:53:10',64),(305,'Portovelo','2015-04-05 20:53:10','2015-04-06 01:53:10',64),(306,'Salati','2015-04-05 20:53:10','2015-04-06 01:53:10',64),(307,'Bellamaria','2015-04-05 20:53:10','2015-04-06 01:53:10',65),(308,'Bellavista','2015-04-05 20:53:10','2015-04-06 01:53:10',65),(309,'Jambeli','2015-04-05 20:53:10','2015-04-06 01:53:10',65),(310,'La Avanzada','2015-04-05 20:53:10','2015-04-06 01:53:10',65),(311,'San Antonio','2015-04-05 20:53:10','2015-04-06 01:53:10',65),(312,'Santa Rosa','2015-04-05 20:53:10','2015-04-06 01:53:10',65),(313,'Torata','2015-04-05 20:53:10','2015-04-06 01:53:10',65),(314,'Victoria','2015-04-05 20:53:10','2015-04-06 01:53:10',65),(315,'Abañin','2015-04-05 20:53:10','2015-04-06 01:53:10',66),(316,'Arcapamba','2015-04-05 20:53:11','2015-04-06 01:53:11',66),(317,'Guanazan','2015-04-05 20:53:11','2015-04-06 01:53:11',66),(318,'Guizhaguiña','2015-04-05 20:53:11','2015-04-06 01:53:11',66),(319,'Huertas','2015-04-05 20:53:11','2015-04-06 01:53:11',66),(320,'Malvas','2015-04-05 20:53:11','2015-04-06 01:53:11',66),(321,'Muluncay Grande','2015-04-05 20:53:11','2015-04-06 01:53:11',66),(322,'Salvias','2015-04-05 20:53:11','2015-04-06 01:53:11',66),(323,'Sinsao','2015-04-05 20:53:11','2015-04-06 01:53:11',66),(324,'Zaruma','2015-04-05 20:53:11','2015-04-06 01:53:11',66),(325,'Atacames','2015-04-05 20:53:11','2015-04-06 01:53:11',67),(326,'La Union','2015-04-05 20:53:11','2015-04-06 01:53:11',67),(327,'Sua','2015-04-05 20:53:11','2015-04-06 01:53:11',67),(328,'Tonchigue','2015-04-05 20:53:11','2015-04-06 01:53:11',67),(329,'Tonsupa','2015-04-05 20:53:11','2015-04-06 01:53:11',67),(330,'Anchayacu','2015-04-05 20:53:11','2015-04-06 01:53:11',68),(331,'Atahualpa','2015-04-05 20:53:11','2015-04-06 01:53:11',68),(332,'Borbon','2015-04-05 20:53:11','2015-04-06 01:53:11',68),(333,'Colon Eloy Del Maria','2015-04-05 20:53:11','2015-04-06 01:53:11',68),(334,'La Tola','2015-04-05 20:53:11','2015-04-06 01:53:11',68),(335,'Luis Vargas Torres','2015-04-05 20:53:12','2015-04-06 01:53:12',68),(336,'Maldonado','2015-04-05 20:53:12','2015-04-06 01:53:12',68),(337,'Pampanal De Bolivar','2015-04-05 20:53:12','2015-04-06 01:53:12',68),(338,'San Francisco De Onzole','2015-04-05 20:53:12','2015-04-06 01:53:12',68),(339,'San Jose De Cayapas','2015-04-05 20:53:12','2015-04-06 01:53:12',68),(340,'Santo Domingo De Onzole','2015-04-05 20:53:12','2015-04-06 01:53:12',68),(341,'Selva Alegre','2015-04-05 20:53:12','2015-04-06 01:53:12',68),(342,'Telembi','2015-04-05 20:53:12','2015-04-06 01:53:12',68),(343,'Timbire','2015-04-05 20:53:12','2015-04-06 01:53:12',68),(344,'Valdez (Limones)','2015-04-05 20:53:12','2015-04-06 01:53:12',68),(345,'Camarones','2015-04-05 20:53:12','2015-04-06 01:53:12',69),(346,'Chinca','2015-04-05 20:53:12','2015-04-06 01:53:12',69),(347,'Crnel. Carlos Concha Torres','2015-04-05 20:53:12','2015-04-06 01:53:12',69),(348,'Esmeraldas','2015-04-05 20:53:12','2015-04-06 01:53:12',69),(349,'Majua','2015-04-05 20:53:12','2015-04-06 01:53:12',69),(350,'San Mateo','2015-04-05 20:53:12','2015-04-06 01:53:12',69),(351,'Tabiazo','2015-04-05 20:53:12','2015-04-06 01:53:12',69),(352,'Tachina','2015-04-05 20:53:12','2015-04-06 01:53:12',69),(353,'Vuelta Larga','2015-04-05 20:53:12','2015-04-06 01:53:12',69),(354,'La Concordia','2015-04-05 20:53:12','2015-04-06 01:53:12',70),(355,'Bolivar','2015-04-05 20:53:13','2015-04-06 01:53:13',71),(356,'Daule','2015-04-05 20:53:13','2015-04-06 01:53:13',71),(357,'Galera','2015-04-05 20:53:13','2015-04-06 01:53:13',71),(358,'Muisne','2015-04-05 20:53:13','2015-04-06 01:53:13',71),(359,'Quingue (Olmedo Perdomo','2015-04-05 20:53:13','2015-04-06 01:53:13',71),(360,'Salima','2015-04-05 20:53:13','2015-04-06 01:53:13',71),(361,'San Francisco','2015-04-05 20:53:13','2015-04-06 01:53:13',71),(362,'San Gregorio','2015-04-05 20:53:13','2015-04-06 01:53:13',71),(363,'San Jose De Chamanga','2015-04-05 20:53:13','2015-04-06 01:53:13',71),(364,'Chura (Chancama)','2015-04-05 20:53:13','2015-04-06 01:53:13',72),(365,'Cube','2015-04-05 20:53:13','2015-04-06 01:53:13',72),(366,'La Union','2015-04-05 20:53:13','2015-04-06 01:53:13',72),(367,'Malimpia','2015-04-05 20:53:13','2015-04-06 01:53:13',72),(368,'Rosa Zarate (Quininde)','2015-04-05 20:53:13','2015-04-06 01:53:13',72),(369,'Viche','2015-04-05 20:53:13','2015-04-06 01:53:13',72),(370,'Chontaduro','2015-04-05 20:53:13','2015-04-06 01:53:13',73),(371,'Chumunde','2015-04-05 20:53:13','2015-04-06 01:53:13',73),(372,'Lagarto','2015-04-05 20:53:13','2015-04-06 01:53:13',73),(373,'Montalvo','2015-04-05 20:53:13','2015-04-06 01:53:13',73),(374,'Rioverde','2015-04-05 20:53:13','2015-04-06 01:53:13',73),(375,'Rocafuerte','2015-04-05 20:53:13','2015-04-06 01:53:13',73),(376,'5 De Junio','2015-04-05 20:53:13','2015-04-06 01:53:13',74),(377,'Alto Tambo','2015-04-05 20:53:13','2015-04-06 01:53:13',74),(378,'Ancon (Pichangal)','2015-04-05 20:53:13','2015-04-06 01:53:13',74),(379,'Calderon','2015-04-05 20:53:13','2015-04-06 01:53:13',74),(380,'Carondelet','2015-04-05 20:53:13','2015-04-06 01:53:13',74),(381,'Concepcion','2015-04-05 20:53:13','2015-04-06 01:53:13',74),(382,'Mataje','2015-04-05 20:53:13','2015-04-06 01:53:13',74),(383,'San Javier De Cachavi','2015-04-05 20:53:14','2015-04-06 01:53:14',74),(384,'San Lorenzo','2015-04-05 20:53:14','2015-04-06 01:53:14',74),(385,'Santa Rita','2015-04-05 20:53:14','2015-04-06 01:53:14',74),(386,'Tambillo','2015-04-05 20:53:14','2015-04-06 01:53:14',74),(387,'Tululbi','2015-04-05 20:53:14','2015-04-06 01:53:14',74),(388,'Urbina','2015-04-05 20:53:14','2015-04-06 01:53:14',74),(389,'Puerto Villamil','2015-04-05 20:53:14','2015-04-06 01:53:14',75),(390,'Tomas De Berlanga','2015-04-05 20:53:14','2015-04-06 01:53:14',75),(391,'El Progreso','2015-04-05 20:53:14','2015-04-06 01:53:14',76),(392,'Isla Santa Maria (Floreana)','2015-04-05 20:53:14','2015-04-06 01:53:14',76),(393,'Puerto Baquerizo Moreno','2015-04-05 20:53:14','2015-04-06 01:53:14',76),(394,'Bellavista','2015-04-05 20:53:14','2015-04-06 01:53:14',77),(395,'Puerto Ayora','2015-04-05 20:53:14','2015-04-06 01:53:14',77),(396,'Santa Rosa','2015-04-05 20:53:14','2015-04-06 01:53:14',77),(397,'Alfredo Baquerizo Moreno','2015-04-05 20:53:14','2015-04-06 01:53:14',78),(398,'Balao','2015-04-05 20:53:14','2015-04-06 01:53:14',79),(399,'Balzar','2015-04-05 20:53:14','2015-04-06 01:53:14',80),(400,'Colimes','2015-04-05 20:53:14','2015-04-06 01:53:14',81),(401,'San Jacinto','2015-04-05 20:53:14','2015-04-06 01:53:14',81),(402,'Coronel Marcelino Maridueña','2015-04-05 20:53:14','2015-04-06 01:53:14',82),(403,'Daule','2015-04-05 20:53:15','2015-04-06 01:53:15',83),(404,'Juan Bautista Aguirre','2015-04-05 20:53:15','2015-04-06 01:53:15',83),(405,'Laurel','2015-04-05 20:53:15','2015-04-06 01:53:15',83),(406,'Limonal','2015-04-05 20:53:15','2015-04-06 01:53:15',83),(407,'Los Lojas','2015-04-05 20:53:15','2015-04-06 01:53:15',83),(408,'Eloy Alfaro (Duran)','2015-04-05 20:53:15','2015-04-06 01:53:15',84),(409,'El Rosario','2015-04-05 20:53:15','2015-04-06 01:53:15',85),(410,'Guayas (Pueblo Nuevo)','2015-04-05 20:53:15','2015-04-06 01:53:15',85),(411,'Velasco Ibarra','2015-04-05 20:53:15','2015-04-06 01:53:15',85),(412,'El Triunfo','2015-04-05 20:53:15','2015-04-06 01:53:15',86),(413,'General Antonio Elizalde','2015-04-05 20:53:15','2015-04-06 01:53:15',87),(414,'Guayaquil','2015-04-05 20:53:15','2015-04-06 01:53:15',88),(415,'Juan Gomez Rendon (Progr','2015-04-05 20:53:15','2015-04-06 01:53:15',88),(416,'Morro','2015-04-05 20:53:15','2015-04-06 01:53:15',88),(417,'Posorja','2015-04-05 20:53:15','2015-04-06 01:53:15',88),(418,'Puna','2015-04-05 20:53:15','2015-04-06 01:53:15',88),(419,'Tenguel','2015-04-05 20:53:16','2015-04-06 01:53:16',88),(420,'Isidro Ayora','2015-04-05 20:53:16','2015-04-06 01:53:16',89),(421,'Lomas De Sargentillo','2015-04-05 20:53:16','2015-04-06 01:53:16',90),(422,'Chobo','2015-04-05 20:53:16','2015-04-06 01:53:16',91),(423,'Mariscal Sucre (Huaques)','2015-04-05 20:53:16','2015-04-06 01:53:16',91),(424,'Milagro','2015-04-05 20:53:16','2015-04-06 01:53:16',91),(425,'Roberto Astudillo','2015-04-05 20:53:16','2015-04-06 01:53:16',91),(426,'Jesus Maria','2015-04-05 20:53:16','2015-04-06 01:53:16',92),(427,'Naranjal','2015-04-05 20:53:16','2015-04-06 01:53:16',92),(428,'San Carlos','2015-04-05 20:53:16','2015-04-06 01:53:16',92),(429,'Santa Rosa De Flandes','2015-04-05 20:53:16','2015-04-06 01:53:16',92),(430,'Taura','2015-04-05 20:53:16','2015-04-06 01:53:16',92),(431,'Naranjito','2015-04-05 20:53:16','2015-04-06 01:53:16',93),(432,'Narcisa De Jesus','2015-04-05 20:53:16','2015-04-06 01:53:16',94),(433,'Palestina','2015-04-05 20:53:16','2015-04-06 01:53:16',95),(434,'Pedro Carbo','2015-04-05 20:53:16','2015-04-06 01:53:16',96),(435,'Sabanilla','2015-04-05 20:53:16','2015-04-06 01:53:16',96),(436,'Valle De La Virgen','2015-04-05 20:53:16','2015-04-06 01:53:16',96),(437,'General Villamil','2015-04-05 20:53:16','2015-04-06 01:53:16',97),(438,'Samborondon','2015-04-05 20:53:16','2015-04-06 01:53:16',98),(439,'Tarifa','2015-04-05 20:53:16','2015-04-06 01:53:16',98),(440,'Santa Lucia','2015-04-05 20:53:16','2015-04-06 01:53:16',99),(441,'Crnel.Lorenzo De Garaicoa','2015-04-05 20:53:16','2015-04-06 01:53:16',100),(442,'Simon Bolivar','2015-04-05 20:53:16','2015-04-06 01:53:16',100),(443,'El Salitre (Las Ramas)','2015-04-05 20:53:16','2015-04-06 01:53:16',101),(444,'General Vernaza','2015-04-05 20:53:16','2015-04-06 01:53:16',101),(445,'Junquillal','2015-04-05 20:53:16','2015-04-06 01:53:16',101),(446,'La Victoria (Ñauza)','2015-04-05 20:53:17','2015-04-06 01:53:17',101),(447,'Gral. Pedro J. Montero','2015-04-05 20:53:17','2015-04-06 01:53:17',102),(448,'Virgen De Fatima','2015-04-05 20:53:17','2015-04-06 01:53:17',102),(449,'Yaguachi Nuevo','2015-04-05 20:53:17','2015-04-06 01:53:17',102),(450,'Yaguachi Viejo (Cone)','2015-04-05 20:53:17','2015-04-06 01:53:17',102),(451,'Atuntaqui','2015-04-05 20:53:17','2015-04-06 01:53:17',103),(452,'Imbaya','2015-04-05 20:53:17','2015-04-06 01:53:17',103),(453,'San Francisco De Natabue','2015-04-05 20:53:17','2015-04-06 01:53:17',103),(454,'San Jose De Chaltura','2015-04-05 20:53:17','2015-04-06 01:53:17',103),(455,'San Roque','2015-04-05 20:53:17','2015-04-06 01:53:17',103),(456,'6 De Julio De Cuellaje','2015-04-05 20:53:17','2015-04-06 01:53:17',104),(457,'Apuela','2015-04-05 20:53:17','2015-04-06 01:53:17',104),(458,'Cotacachi','2015-04-05 20:53:17','2015-04-06 01:53:17',104),(459,'Garcia Moreno','2015-04-05 20:53:17','2015-04-06 01:53:17',104),(460,'Imantag','2015-04-05 20:53:17','2015-04-06 01:53:17',104),(461,'Peñaherrera','2015-04-05 20:53:17','2015-04-06 01:53:17',104),(462,'Plaza Gutierrez','2015-04-05 20:53:17','2015-04-06 01:53:17',104),(463,'Quiroga','2015-04-05 20:53:17','2015-04-06 01:53:17',104),(464,'Vacas Galindo (El Churo)','2015-04-05 20:53:17','2015-04-06 01:53:17',104),(465,'Ambuqui','2015-04-05 20:53:17','2015-04-06 01:53:17',105),(466,'Angochagua','2015-04-05 20:53:17','2015-04-06 01:53:17',105),(467,'Carolina','2015-04-05 20:53:17','2015-04-06 01:53:17',105),(468,'Ibarra','2015-04-05 20:53:17','2015-04-06 01:53:17',105),(469,'La Esperanza','2015-04-05 20:53:17','2015-04-06 01:53:17',105),(470,'Lita','2015-04-05 20:53:18','2015-04-06 01:53:18',105),(471,'Salinas','2015-04-05 20:53:18','2015-04-06 01:53:18',105),(472,'San Antonio','2015-04-05 20:53:18','2015-04-06 01:53:18',105),(473,'Dr. Miguel Egas Cabezas','2015-04-05 20:53:18','2015-04-06 01:53:18',106),(474,'Eugenio Espejo (Calpaqui)','2015-04-05 20:53:18','2015-04-06 01:53:18',106),(475,'Gonzalez Suarez','2015-04-05 20:53:18','2015-04-06 01:53:18',106),(476,'Otavalo','2015-04-05 20:53:18','2015-04-06 01:53:18',106),(477,'Pataqui','2015-04-05 20:53:18','2015-04-06 01:53:18',106),(478,'San Jose De Quichinche','2015-04-05 20:53:18','2015-04-06 01:53:18',106),(479,'San Juan De Iluman','2015-04-05 20:53:18','2015-04-06 01:53:18',106),(480,'San Pablo','2015-04-05 20:53:18','2015-04-06 01:53:18',106),(481,'San Rafael','2015-04-05 20:53:18','2015-04-06 01:53:18',106),(482,'Selva Alegre','2015-04-05 20:53:18','2015-04-06 01:53:18',106),(483,'Chuga','2015-04-05 20:53:18','2015-04-06 01:53:18',107),(484,'Mariano Acosta','2015-04-05 20:53:18','2015-04-06 01:53:18',107),(485,'Pimampiro','2015-04-05 20:53:18','2015-04-06 01:53:18',107),(486,'San Francisco De Sigsipa','2015-04-05 20:53:18','2015-04-06 01:53:18',107),(487,'Cahuasqui','2015-04-05 20:53:18','2015-04-06 01:53:18',108),(488,'La Merced De Buenos Aires','2015-04-05 20:53:19','2015-04-06 01:53:19',108),(489,'Pablo Arenas','2015-04-05 20:53:19','2015-04-06 01:53:19',108),(490,'San Blas','2015-04-05 20:53:19','2015-04-06 01:53:19',108),(491,'Tumbabiro','2015-04-05 20:53:19','2015-04-06 01:53:19',108),(492,'Urcuqui','2015-04-05 20:53:19','2015-04-06 01:53:19',108),(493,'Cariamanga','2015-04-05 20:53:19','2015-04-06 01:53:19',109),(494,'Colaisaca','2015-04-05 20:53:19','2015-04-06 01:53:19',109),(495,'El Lucero','2015-04-05 20:53:19','2015-04-06 01:53:19',109),(496,'Sangillin','2015-04-05 20:53:19','2015-04-06 01:53:19',109),(497,'Utuana','2015-04-05 20:53:19','2015-04-06 01:53:19',109),(498,'Catamayo (La Toma)','2015-04-05 20:53:19','2015-04-06 01:53:19',110),(499,'El Tambo','2015-04-05 20:53:19','2015-04-06 01:53:19',110),(500,'Guayquichuma','2015-04-05 20:53:19','2015-04-06 01:53:19',110),(501,'San Pedro De La Bendita','2015-04-05 20:53:19','2015-04-06 01:53:19',110),(502,'Zambi','2015-04-05 20:53:19','2015-04-06 01:53:19',110),(503,'Celica','2015-04-05 20:53:19','2015-04-06 01:53:19',111),(504,'Cruzpamba','2015-04-05 20:53:20','2015-04-06 01:53:20',111),(505,'Pozul (San Juan De Pozul','2015-04-05 20:53:20','2015-04-06 01:53:20',111),(506,'Sabanilla','2015-04-05 20:53:20','2015-04-06 01:53:20',111),(507,'Tnte. Maximiliano Rodrig','2015-04-05 20:53:20','2015-04-06 01:53:20',111),(508,'Amarillos','2015-04-05 20:53:20','2015-04-06 01:53:20',112),(509,'Buenavista','2015-04-05 20:53:20','2015-04-06 01:53:20',112),(510,'Chaguarpamba','2015-04-05 20:53:20','2015-04-06 01:53:20',112),(511,'El Rosario','2015-04-05 20:53:20','2015-04-06 01:53:20',112),(512,'Santa Rufina','2015-04-05 20:53:20','2015-04-06 01:53:20',112),(513,'27 De Abril','2015-04-05 20:53:20','2015-04-06 01:53:20',113),(514,'Amaluza','2015-04-05 20:53:21','2015-04-06 01:53:21',113),(515,'Bellavista','2015-04-05 20:53:21','2015-04-06 01:53:21',113),(516,'El Airo','2015-04-05 20:53:21','2015-04-06 01:53:21',113),(517,'El Ingenio','2015-04-05 20:53:21','2015-04-06 01:53:21',113),(518,'Jimbura','2015-04-05 20:53:21','2015-04-06 01:53:21',113),(519,'Santa Teresita','2015-04-05 20:53:21','2015-04-06 01:53:21',113),(520,'Changaimina (La Libertad','2015-04-05 20:53:21','2015-04-06 01:53:21',114),(521,'Gonzanama','2015-04-05 20:53:21','2015-04-06 01:53:21',114),(522,'Nambacola','2015-04-05 20:53:21','2015-04-06 01:53:21',114),(523,'Purunuma (Eguiguren)','2015-04-05 20:53:21','2015-04-06 01:53:21',114),(524,'Sacapalca','2015-04-05 20:53:21','2015-04-06 01:53:21',114),(525,'Chantaco','2015-04-05 20:53:21','2015-04-06 01:53:21',115),(526,'Chuquiribamba','2015-04-05 20:53:22','2015-04-06 01:53:22',115),(527,'El Cisne','2015-04-05 20:53:22','2015-04-06 01:53:22',115),(528,'Gualel','2015-04-05 20:53:22','2015-04-06 01:53:22',115),(529,'Jimbilla','2015-04-05 20:53:22','2015-04-06 01:53:22',115),(530,'Loja','2015-04-05 20:53:22','2015-04-06 01:53:22',115),(531,'Malacatos (Valladolid)','2015-04-05 20:53:22','2015-04-06 01:53:22',115),(532,'Quinara','2015-04-05 20:53:22','2015-04-06 01:53:22',115),(533,'San Lucas','2015-04-05 20:53:22','2015-04-06 01:53:22',115),(534,'San Pedro De Vilcabamba','2015-04-05 20:53:22','2015-04-06 01:53:22',115),(535,'Santiago','2015-04-05 20:53:22','2015-04-06 01:53:22',115),(536,'Taquil (Miguel Riofrio)','2015-04-05 20:53:22','2015-04-06 01:53:22',115),(537,'Vilcabamba (Victoria)','2015-04-05 20:53:22','2015-04-06 01:53:22',115),(538,'Yangana (Arsenio Castillo)','2015-04-05 20:53:22','2015-04-06 01:53:22',115),(539,'La Victoria','2015-04-05 20:53:23','2015-04-06 01:53:23',116),(540,'Larama','2015-04-05 20:53:23','2015-04-06 01:53:23',116),(541,'Macara','2015-04-05 20:53:23','2015-04-06 01:53:23',116),(542,'Sabiango (La Capilla)','2015-04-05 20:53:23','2015-04-06 01:53:23',116),(543,'La Tingue','2015-04-05 20:53:23','2015-04-06 01:53:23',117),(544,'Olmedo','2015-04-05 20:53:23','2015-04-06 01:53:23',117),(545,'Cangonama','2015-04-05 20:53:23','2015-04-06 01:53:23',118),(546,'Casanga','2015-04-05 20:53:23','2015-04-06 01:53:23',118),(547,'Catacocha','2015-04-05 20:53:23','2015-04-06 01:53:23',118),(548,'Guachanama','2015-04-05 20:53:23','2015-04-06 01:53:23',118),(549,'Lauro Guerrero','2015-04-05 20:53:23','2015-04-06 01:53:23',118),(550,'Orianga','2015-04-05 20:53:23','2015-04-06 01:53:23',118),(551,'San Antonio','2015-04-05 20:53:23','2015-04-06 01:53:23',118),(552,'Yamana','2015-04-05 20:53:23','2015-04-06 01:53:23',118),(553,'12 De Diciembre','2015-04-05 20:53:23','2015-04-06 01:53:23',119),(554,'Chaquinal','2015-04-05 20:53:23','2015-04-06 01:53:23',119),(555,'Pindal','2015-04-05 20:53:24','2015-04-06 01:53:24',119),(556,'Alamor','2015-04-05 20:53:24','2015-04-06 01:53:24',120),(557,'Ciano','2015-04-05 20:53:24','2015-04-06 01:53:24',120),(558,'El Arenal','2015-04-05 20:53:24','2015-04-06 01:53:24',120),(559,'El Limo (Mariana De Jesus)','2015-04-05 20:53:24','2015-04-06 01:53:24',120),(560,'Mercadillo','2015-04-05 20:53:24','2015-04-06 01:53:24',120),(561,'Vicentino','2015-04-05 20:53:24','2015-04-06 01:53:24',120),(562,'Fundochamba','2015-04-05 20:53:24','2015-04-06 01:53:24',121),(563,'Quilanga','2015-04-05 20:53:24','2015-04-06 01:53:24',121),(564,'San Antonio De Las Aradas','2015-04-05 20:53:24','2015-04-06 01:53:24',121),(565,'El Paraiso De Celen','2015-04-05 20:53:24','2015-04-06 01:53:24',122),(566,'El Tablon','2015-04-05 20:53:24','2015-04-06 01:53:24',122),(567,'Lluzhapa','2015-04-05 20:53:24','2015-04-06 01:53:24',122),(568,'Manu','2015-04-05 20:53:24','2015-04-06 01:53:24',122),(569,'San Antonio De Qumbe','2015-04-05 20:53:24','2015-04-06 01:53:24',122),(570,'San Pablo De Tenta','2015-04-05 20:53:24','2015-04-06 01:53:24',122),(571,'San Sebastian De Yuluc','2015-04-05 20:53:24','2015-04-06 01:53:24',122),(572,'Saraguro','2015-04-05 20:53:24','2015-04-06 01:53:24',122),(573,'Selva Alegre','2015-04-05 20:53:24','2015-04-06 01:53:24',122),(574,'Sumaypamba','2015-04-05 20:53:24','2015-04-06 01:53:24',122),(575,'Urdaneta (Paquishapa)','2015-04-05 20:53:24','2015-04-06 01:53:24',122),(576,'Nueva Fatima','2015-04-05 20:53:24','2015-04-06 01:53:24',123),(577,'Sozoranga','2015-04-05 20:53:24','2015-04-06 01:53:24',123),(578,'Tacamoros','2015-04-05 20:53:24','2015-04-06 01:53:24',123),(579,'Bolaspamba','2015-04-05 20:53:25','2015-04-06 01:53:25',124),(580,'Cazaderos','2015-04-05 20:53:25','2015-04-06 01:53:25',124),(581,'Garzareal','2015-04-05 20:53:25','2015-04-06 01:53:25',124),(582,'Limones','2015-04-05 20:53:25','2015-04-06 01:53:25',124),(583,'Paletillas','2015-04-05 20:53:25','2015-04-06 01:53:25',124),(584,'Zapotillo','2015-04-05 20:53:25','2015-04-06 01:53:25',124),(585,'Baba','2015-04-05 20:53:25','2015-04-06 01:53:25',125),(586,'Guare','2015-04-05 20:53:25','2015-04-06 01:53:25',125),(587,'Isla De Bejucal','2015-04-05 20:53:25','2015-04-06 01:53:25',125),(588,'Babahoyo','2015-04-05 20:53:25','2015-04-06 01:53:25',126),(589,'Caracol','2015-04-05 20:53:25','2015-04-06 01:53:25',126),(590,'Febres Cordero (Las Juntas)','2015-04-05 20:53:25','2015-04-06 01:53:25',126),(591,'La Union','2015-04-05 20:53:25','2015-04-06 01:53:25',126),(592,'Pimocha','2015-04-05 20:53:25','2015-04-06 01:53:25',126),(593,'Patricia Pilar','2015-04-05 20:53:25','2015-04-06 01:53:25',127),(594,'San Jacinto De Buena Fe','2015-04-05 20:53:25','2015-04-06 01:53:25',127),(595,'Mocache','2015-04-05 20:53:25','2015-04-06 01:53:25',128),(596,'Montalvo','2015-04-05 20:53:25','2015-04-06 01:53:25',129),(597,'Palenque','2015-04-05 20:53:25','2015-04-06 01:53:25',130),(598,'Puebloviejo','2015-04-05 20:53:25','2015-04-06 01:53:25',131),(599,'Puerto Pechiche','2015-04-05 20:53:25','2015-04-06 01:53:25',131),(600,'San Juan','2015-04-05 20:53:25','2015-04-06 01:53:25',131),(601,'La Esperanza','2015-04-05 20:53:25','2015-04-06 01:53:25',132),(602,'Quevedo','2015-04-05 20:53:25','2015-04-06 01:53:25',132),(603,'San Carlos','2015-04-05 20:53:25','2015-04-06 01:53:25',132),(604,'Quinsaloma','2015-04-05 20:53:25','2015-04-06 01:53:25',133),(605,'Catarama','2015-04-05 20:53:25','2015-04-06 01:53:25',134),(606,'Ricaurte','2015-04-05 20:53:25','2015-04-06 01:53:25',134),(607,'Valencia','2015-04-05 20:53:26','2015-04-06 01:53:26',135),(608,'Ventanas','2015-04-05 20:53:26','2015-04-06 01:53:26',136),(609,'Zapotal','2015-04-05 20:53:26','2015-04-06 01:53:26',136),(610,'Antonio Sotomayor','2015-04-05 20:53:26','2015-04-06 01:53:26',137),(611,'Vinces','2015-04-05 20:53:26','2015-04-06 01:53:26',137),(612,'Arq. Sixto Duran Ballen','2015-04-05 20:53:26','2015-04-06 01:53:26',138),(613,'Bellavista','2015-04-05 20:53:26','2015-04-06 01:53:26',138),(614,'Noboa','2015-04-05 20:53:26','2015-04-06 01:53:26',138),(615,'Sucre','2015-04-05 20:53:26','2015-04-06 01:53:26',138),(616,'Calceta','2015-04-05 20:53:26','2015-04-06 01:53:26',139),(617,'Membrillo','2015-04-05 20:53:26','2015-04-06 01:53:26',139),(618,'Quiroga','2015-04-05 20:53:26','2015-04-06 01:53:26',139),(619,'Boyaca','2015-04-05 20:53:26','2015-04-06 01:53:26',140),(620,'Canuto','2015-04-05 20:53:26','2015-04-06 01:53:26',140),(621,'Chibunga','2015-04-05 20:53:26','2015-04-06 01:53:26',140),(622,'Chone','2015-04-05 20:53:26','2015-04-06 01:53:26',140),(623,'Convento','2015-04-05 20:53:26','2015-04-06 01:53:26',140),(624,'Eloy Alfaro','2015-04-05 20:53:26','2015-04-06 01:53:26',140),(625,'Ricaurte','2015-04-05 20:53:26','2015-04-06 01:53:26',140),(626,'San Antonio','2015-04-05 20:53:27','2015-04-06 01:53:27',140),(627,'El Carmen','2015-04-05 20:53:27','2015-04-06 01:53:27',141),(628,'San Pedro De Suma','2015-04-05 20:53:27','2015-04-06 01:53:27',141),(629,'Wilfrido Loor Moreira','2015-04-05 20:53:27','2015-04-06 01:53:27',141),(630,'Flavio Alfaro','2015-04-05 20:53:27','2015-04-06 01:53:27',142),(631,'San Francisco De Novillo','2015-04-05 20:53:27','2015-04-06 01:53:27',142),(632,'Zapallo','2015-04-05 20:53:27','2015-04-06 01:53:27',142),(633,'Jama','2015-04-05 20:53:27','2015-04-06 01:53:27',143),(634,'Jaramijo','2015-04-05 20:53:27','2015-04-06 01:53:27',144),(635,'America','2015-04-05 20:53:27','2015-04-06 01:53:27',145),(636,'El Anegado','2015-04-05 20:53:27','2015-04-06 01:53:27',145),(637,'Jipijapa','2015-04-05 20:53:27','2015-04-06 01:53:27',145),(638,'Julcuy','2015-04-05 20:53:27','2015-04-06 01:53:27',145),(639,'La Union','2015-04-05 20:53:27','2015-04-06 01:53:27',145),(640,'Membrillal','2015-04-05 20:53:27','2015-04-06 01:53:27',145),(641,'Pedro Pablo Gomez','2015-04-05 20:53:27','2015-04-06 01:53:27',145),(642,'Puerto De Cayo','2015-04-05 20:53:27','2015-04-06 01:53:27',145),(643,'Junin','2015-04-05 20:53:27','2015-04-06 01:53:27',146),(644,'Manta','2015-04-05 20:53:27','2015-04-06 01:53:27',147),(645,'San Lorenzo','2015-04-05 20:53:27','2015-04-06 01:53:27',147),(646,'Santa Marianita','2015-04-05 20:53:28','2015-04-06 01:53:28',147),(647,'La Pila','2015-04-05 20:53:28','2015-04-06 01:53:28',148),(648,'Montecristi','2015-04-05 20:53:28','2015-04-06 01:53:28',148),(649,'Olmedo','2015-04-05 20:53:28','2015-04-06 01:53:28',149),(650,'Campozano','2015-04-05 20:53:28','2015-04-06 01:53:28',150),(651,'Cascol','2015-04-05 20:53:28','2015-04-06 01:53:28',150),(652,'Guale','2015-04-05 20:53:28','2015-04-06 01:53:28',150),(653,'Lascano','2015-04-05 20:53:28','2015-04-06 01:53:28',150),(654,'Pajan','2015-04-05 20:53:28','2015-04-06 01:53:28',150),(655,'10 De Agosto','2015-04-05 20:53:28','2015-04-06 01:53:28',151),(656,'Atahualpa','2015-04-05 20:53:28','2015-04-06 01:53:28',151),(657,'Cojimies','2015-04-05 20:53:28','2015-04-06 01:53:28',151),(658,'Pedernales','2015-04-05 20:53:28','2015-04-06 01:53:28',151),(659,'Barraganete','2015-04-05 20:53:28','2015-04-06 01:53:28',152),(660,'Pichincha','2015-04-05 20:53:28','2015-04-06 01:53:28',152),(661,'San Sebastian','2015-04-05 20:53:28','2015-04-06 01:53:28',152),(662,'Abdon Calderon','2015-04-05 20:53:28','2015-04-06 01:53:28',153),(663,'Alhajuela (Bajo Grande)','2015-04-05 20:53:28','2015-04-06 01:53:28',153),(664,'Chirijos','2015-04-05 20:53:29','2015-04-06 01:53:29',153),(665,'Crucita','2015-04-05 20:53:29','2015-04-06 01:53:29',153),(666,'Portoviejo','2015-04-05 20:53:29','2015-04-06 01:53:29',153),(667,'Pueblo Nuevo','2015-04-05 20:53:29','2015-04-06 01:53:29',153),(668,'Riochico (Rio Chico)','2015-04-05 20:53:29','2015-04-06 01:53:29',153),(669,'San Placido','2015-04-05 20:53:29','2015-04-06 01:53:29',153),(670,'Machalilla','2015-04-05 20:53:29','2015-04-06 01:53:29',154),(671,'Puerto Lopez','2015-04-05 20:53:29','2015-04-06 01:53:29',154),(672,'Salango','2015-04-05 20:53:29','2015-04-06 01:53:29',154),(673,'Rocafuerte','2015-04-05 20:53:29','2015-04-06 01:53:29',155),(674,'Canoa','2015-04-05 20:53:29','2015-04-06 01:53:29',156),(675,'San Vicente','2015-04-05 20:53:29','2015-04-06 01:53:29',156),(676,'Ayacucho','2015-04-05 20:53:29','2015-04-06 01:53:29',157),(677,'Honorato Vasquez','2015-04-05 20:53:29','2015-04-06 01:53:29',157),(678,'La Union','2015-04-05 20:53:29','2015-04-06 01:53:29',157),(679,'San Pablo','2015-04-05 20:53:29','2015-04-06 01:53:29',157),(680,'Santa Ana De Vuelta Larga','2015-04-05 20:53:29','2015-04-06 01:53:29',157),(681,'Bahia De Caraquez','2015-04-05 20:53:29','2015-04-06 01:53:29',158),(682,'Charapoto','2015-04-05 20:53:29','2015-04-06 01:53:29',158),(683,'San Isidro','2015-04-05 20:53:29','2015-04-06 01:53:29',158),(684,'Angel Pedro Giler','2015-04-05 20:53:29','2015-04-06 01:53:29',159),(685,'Bachillero','2015-04-05 20:53:29','2015-04-06 01:53:29',159),(686,'Tosagua','2015-04-05 20:53:29','2015-04-06 01:53:29',159),(687,'Amazonas (Rosario De Cuyes)','2015-04-05 20:53:29','2015-04-06 01:53:29',160),(688,'Bermejos','2015-04-05 20:53:30','2015-04-06 01:53:30',160),(689,'Bomboiza','2015-04-05 20:53:30','2015-04-06 01:53:30',160),(690,'Chiguinda','2015-04-05 20:53:30','2015-04-06 01:53:30',160),(691,'El Ideal','2015-04-05 20:53:30','2015-04-06 01:53:30',160),(692,'El Rosario','2015-04-05 20:53:30','2015-04-06 01:53:30',160),(693,'Gualaquiza','2015-04-05 20:53:30','2015-04-06 01:53:30',160),(694,'Nueva Tarqui','2015-04-05 20:53:30','2015-04-06 01:53:30',160),(695,'San Miguel De Cuyes','2015-04-05 20:53:30','2015-04-06 01:53:30',160),(696,'Chiguaza','2015-04-05 20:53:30','2015-04-06 01:53:30',161),(697,'Huamboya','2015-04-05 20:53:30','2015-04-06 01:53:30',161),(698,'General Leonidas Plaza G.','2015-04-05 20:53:30','2015-04-06 01:53:30',162),(699,'Indanza','2015-04-05 20:53:30','2015-04-06 01:53:30',162),(700,'San Antonio','2015-04-05 20:53:30','2015-04-06 01:53:30',162),(701,'San Miguel De Conchay','2015-04-05 20:53:30','2015-04-06 01:53:30',162),(702,'Santa Susana De Chiviaza','2015-04-05 20:53:30','2015-04-06 01:53:30',162),(703,'Yunganza','2015-04-05 20:53:30','2015-04-06 01:53:30',162),(704,'Logroño','2015-04-05 20:53:30','2015-04-06 01:53:30',163),(705,'Shimpis','2015-04-05 20:53:30','2015-04-06 01:53:30',163),(706,'Yaupi','2015-04-05 20:53:30','2015-04-06 01:53:30',163),(707,'Alshi','2015-04-05 20:53:30','2015-04-06 01:53:30',164),(708,'Cuchaentza','2015-04-05 20:53:30','2015-04-06 01:53:30',164),(709,'General Proaño','2015-04-05 20:53:30','2015-04-06 01:53:30',164),(710,'Macas','2015-04-05 20:53:30','2015-04-06 01:53:30',164),(711,'Rio Blanco','2015-04-05 20:53:31','2015-04-06 01:53:31',164),(712,'San Isidro','2015-04-05 20:53:31','2015-04-06 01:53:31',164),(713,'Sevilla Don Bosco','2015-04-05 20:53:31','2015-04-06 01:53:31',164),(714,'Sinai','2015-04-05 20:53:31','2015-04-06 01:53:31',164),(715,'Zuña (Zuñac)','2015-04-05 20:53:31','2015-04-06 01:53:31',164),(716,'Pablo VI','2015-04-05 20:53:31','2015-04-06 01:53:31',165),(717,'16 De Agosto','2015-04-05 20:53:31','2015-04-06 01:53:31',166),(718,'Arapicos','2015-04-05 20:53:31','2015-04-06 01:53:31',166),(719,'Cumanda','2015-04-05 20:53:31','2015-04-06 01:53:31',166),(720,'Palora (Metzera)','2015-04-05 20:53:31','2015-04-06 01:53:31',166),(721,'Sangay','2015-04-05 20:53:31','2015-04-06 01:53:31',166),(722,'Pan De Azucar','2015-04-05 20:53:31','2015-04-06 01:53:31',167),(723,'San Carlos De Limon','2015-04-05 20:53:31','2015-04-06 01:53:31',167),(724,'San Jacinto De Wakambeis','2015-04-05 20:53:31','2015-04-06 01:53:31',167),(725,'San Juan Bosco','2015-04-05 20:53:31','2015-04-06 01:53:31',167),(726,'Santiago De Pananza','2015-04-05 20:53:31','2015-04-06 01:53:31',167),(727,'Chupianza','2015-04-05 20:53:31','2015-04-06 01:53:31',168),(728,'Copal','2015-04-05 20:53:31','2015-04-06 01:53:31',168),(729,'Patuca','2015-04-05 20:53:31','2015-04-06 01:53:31',168),(730,'San Francisco De Chinimb','2015-04-05 20:53:31','2015-04-06 01:53:31',168),(731,'San Luis De El Acho','2015-04-05 20:53:31','2015-04-06 01:53:31',168),(732,'Santiago','2015-04-05 20:53:31','2015-04-06 01:53:31',168),(733,'Santiago De Mendez','2015-04-05 20:53:31','2015-04-06 01:53:31',168),(734,'Asuncion','2015-04-05 20:53:31','2015-04-06 01:53:31',169),(735,'Huambi','2015-04-05 20:53:31','2015-04-06 01:53:31',169),(736,'Santa Marianita De Jesus','2015-04-05 20:53:32','2015-04-06 01:53:32',169),(737,'Sucua','2015-04-05 20:53:32','2015-04-06 01:53:32',169),(738,'Huasaga','2015-04-05 20:53:32','2015-04-06 01:53:32',170),(739,'Macuma','2015-04-05 20:53:32','2015-04-06 01:53:32',170),(740,'Pumpuentsa','2015-04-05 20:53:32','2015-04-06 01:53:32',170),(741,'Taisha','2015-04-05 20:53:32','2015-04-06 01:53:32',170),(742,'Tutinentza','2015-04-05 20:53:32','2015-04-06 01:53:32',170),(743,'San Jose De Morona','2015-04-05 20:53:32','2015-04-06 01:53:32',171),(744,'Tiwintza','2015-04-05 20:53:32','2015-04-06 01:53:32',171),(745,'Archidona','2015-04-05 20:53:32','2015-04-06 01:53:32',172),(746,'Cotundo','2015-04-05 20:53:32','2015-04-06 01:53:32',172),(747,'San Pablo De Ushpayacu','2015-04-05 20:53:32','2015-04-06 01:53:32',172),(748,'Carlos Julio Arosemena Tola','2015-04-05 20:53:32','2015-04-06 01:53:32',173),(749,'El Chaco','2015-04-05 20:53:32','2015-04-06 01:53:32',174),(750,'Gonzalo Diaz De Pineda','2015-04-05 20:53:32','2015-04-06 01:53:32',174),(751,'Linares','2015-04-05 20:53:32','2015-04-06 01:53:32',174),(752,'Oyacachi','2015-04-05 20:53:32','2015-04-06 01:53:32',174),(753,'Santa Rosa','2015-04-05 20:53:32','2015-04-06 01:53:32',174),(754,'Sardinas','2015-04-05 20:53:32','2015-04-06 01:53:32',174),(755,'Baeza','2015-04-05 20:53:32','2015-04-06 01:53:32',175),(756,'Cosanga','2015-04-05 20:53:32','2015-04-06 01:53:32',175),(757,'Cuyuja','2015-04-05 20:53:32','2015-04-06 01:53:32',175),(758,'Papallacta','2015-04-05 20:53:32','2015-04-06 01:53:32',175),(759,'San Francisco De Borja','2015-04-05 20:53:32','2015-04-06 01:53:32',175),(760,'Sumaco','2015-04-05 20:53:33','2015-04-06 01:53:33',175),(761,'Ahuano','2015-04-05 20:53:33','2015-04-06 01:53:33',176),(762,'Chontapunta','2015-04-05 20:53:33','2015-04-06 01:53:33',176),(763,'Pano','2015-04-05 20:53:33','2015-04-06 01:53:33',176),(764,'Puerto Misahualli','2015-04-05 20:53:33','2015-04-06 01:53:33',176),(765,'Puerto Napo','2015-04-05 20:53:33','2015-04-06 01:53:33',176),(766,'Talag','2015-04-05 20:53:33','2015-04-06 01:53:33',176),(767,'Tena','2015-04-05 20:53:33','2015-04-06 01:53:33',176),(768,'Capitan Augusto Ribadeneyra','2015-04-05 20:53:33','2015-04-06 01:53:33',177),(769,'Cononaco','2015-04-05 20:53:33','2015-04-06 01:53:33',177),(770,'Nuevo Rocafuerte','2015-04-05 20:53:33','2015-04-06 01:53:33',177),(771,'Santa Maria De Huiririma','2015-04-05 20:53:33','2015-04-06 01:53:33',177),(772,'Tiputini','2015-04-05 20:53:33','2015-04-06 01:53:33',177),(773,'Yasuni','2015-04-05 20:53:33','2015-04-06 01:53:33',177),(774,'Enokanqui','2015-04-05 20:53:33','2015-04-06 01:53:33',178),(775,'La Joya De Los Sachas','2015-04-05 20:53:33','2015-04-06 01:53:33',178),(776,'Lago San Pedro','2015-04-05 20:53:33','2015-04-06 01:53:33',178),(777,'Pompeya','2015-04-05 20:53:33','2015-04-06 01:53:33',178),(778,'Rumipamba','2015-04-05 20:53:33','2015-04-06 01:53:33',178),(779,'San Carlos','2015-04-05 20:53:33','2015-04-06 01:53:33',178),(780,'San Sebastian Del Coca','2015-04-05 20:53:33','2015-04-06 01:53:33',178),(781,'Tres De Noviembre','2015-04-05 20:53:33','2015-04-06 01:53:33',178),(782,'Union Milagreña','2015-04-05 20:53:33','2015-04-06 01:53:33',178),(783,'Avila','2015-04-05 20:53:33','2015-04-06 01:53:33',179),(784,'Loreto','2015-04-05 20:53:33','2015-04-06 01:53:33',179),(785,'Puerto Murialdo','2015-04-05 20:53:34','2015-04-06 01:53:34',179),(786,'San Jose De Dahuano','2015-04-05 20:53:34','2015-04-06 01:53:34',179),(787,'San Jose De Payamino','2015-04-05 20:53:34','2015-04-06 01:53:34',179),(788,'San Vicente De Huaticocha','2015-04-05 20:53:34','2015-04-06 01:53:34',179),(789,'Alejandro Labaka','2015-04-05 20:53:34','2015-04-06 01:53:34',180),(790,'Dayuma','2015-04-05 20:53:34','2015-04-06 01:53:34',180),(791,'El Dorado','2015-04-05 20:53:34','2015-04-06 01:53:34',180),(792,'El Eden','2015-04-05 20:53:34','2015-04-06 01:53:34',180),(793,'Garcia Moreno','2015-04-05 20:53:34','2015-04-06 01:53:34',180),(794,'Ines Arango','2015-04-05 20:53:34','2015-04-06 01:53:34',180),(795,'La Belleza','2015-04-05 20:53:34','2015-04-06 01:53:34',180),(796,'Nuevo Paraiso','2015-04-05 20:53:34','2015-04-06 01:53:34',180),(797,'Puerto Francisco De Orellana','2015-04-05 20:53:34','2015-04-06 01:53:34',180),(798,'San Jose De Guayusa','2015-04-05 20:53:34','2015-04-06 01:53:34',180),(799,'San Luis De Armenia','2015-04-05 20:53:34','2015-04-06 01:53:34',180),(800,'Taracoa','2015-04-05 20:53:34','2015-04-06 01:53:34',180),(801,'Arajuno','2015-04-05 20:53:34','2015-04-06 01:53:34',181),(802,'Curaray','2015-04-05 20:53:34','2015-04-06 01:53:34',181),(803,'Madre Tierra','2015-04-05 20:53:34','2015-04-06 01:53:34',182),(804,'Mera','2015-04-05 20:53:35','2015-04-06 01:53:35',182),(805,'Shell','2015-04-05 20:53:35','2015-04-06 01:53:35',182),(806,'Canelos','2015-04-05 20:53:35','2015-04-06 01:53:35',183),(807,'Diez De Agosto','2015-04-05 20:53:35','2015-04-06 01:53:35',183),(808,'El Triunfo','2015-04-05 20:53:35','2015-04-06 01:53:35',183),(809,'Fatima','2015-04-05 20:53:35','2015-04-06 01:53:35',183),(810,'Montalvo (Andoas)','2015-04-05 20:53:35','2015-04-06 01:53:35',183),(811,'Pomona','2015-04-05 20:53:35','2015-04-06 01:53:35',183),(812,'Puyo','2015-04-05 20:53:35','2015-04-06 01:53:35',183),(813,'Rio Corrientes','2015-04-05 20:53:35','2015-04-06 01:53:35',183),(814,'Rio Tigre','2015-04-05 20:53:35','2015-04-06 01:53:35',183),(815,'Sarayacu','2015-04-05 20:53:35','2015-04-06 01:53:35',183),(816,'Simon Bolivar','2015-04-05 20:53:35','2015-04-06 01:53:35',183),(817,'Tarqui','2015-04-05 20:53:35','2015-04-06 01:53:35',183),(818,'Teniente Hugo Ortiz','2015-04-05 20:53:35','2015-04-06 01:53:35',183),(819,'Veracruz (Indillama)','2015-04-05 20:53:35','2015-04-06 01:53:35',183),(820,'San Jose','2015-04-05 20:53:36','2015-04-06 01:53:36',184),(821,'Santa Clara','2015-04-05 20:53:36','2015-04-06 01:53:36',184),(822,'Ascazubi','2015-04-05 20:53:36','2015-04-06 01:53:36',185),(823,'Cangahua','2015-04-05 20:53:36','2015-04-06 01:53:36',185),(824,'Cayambe','2015-04-05 20:53:36','2015-04-06 01:53:36',185),(825,'Olmedo (Pesillo)','2015-04-05 20:53:36','2015-04-06 01:53:36',185),(826,'Oton','2015-04-05 20:53:36','2015-04-06 01:53:36',185),(827,'Santa Rosa De Cuzubamba','2015-04-05 20:53:36','2015-04-06 01:53:36',185),(828,'Aloag','2015-04-05 20:53:36','2015-04-06 01:53:36',186),(829,'Aloasi','2015-04-05 20:53:36','2015-04-06 01:53:36',186),(830,'Cutuglahua','2015-04-05 20:53:36','2015-04-06 01:53:36',186),(831,'El Chaupi','2015-04-05 20:53:36','2015-04-06 01:53:36',186),(832,'Machachi','2015-04-05 20:53:36','2015-04-06 01:53:36',186),(833,'Manuel Cornejo Astorga','2015-04-05 20:53:36','2015-04-06 01:53:36',186),(834,'Tambillo','2015-04-05 20:53:37','2015-04-06 01:53:37',186),(835,'Uyumbicho','2015-04-05 20:53:37','2015-04-06 01:53:37',186),(836,'La Esperanza','2015-04-05 20:53:37','2015-04-06 01:53:37',187),(837,'Malchingui','2015-04-05 20:53:37','2015-04-06 01:53:37',187),(838,'Tabacundo','2015-04-05 20:53:37','2015-04-06 01:53:37',187),(839,'Tocachi','2015-04-05 20:53:37','2015-04-06 01:53:37',187),(840,'Tupigachi','2015-04-05 20:53:37','2015-04-06 01:53:37',187),(841,'Pedro Vicente Maldonado','2015-04-05 20:53:37','2015-04-06 01:53:37',188),(842,'Puerto Quito','2015-04-05 20:53:37','2015-04-06 01:53:37',189),(843,'Alangasi','2015-04-05 20:53:37','2015-04-06 01:53:37',190),(844,'Amaguaña','2015-04-05 20:53:37','2015-04-06 01:53:37',190),(845,'Atahualpa (Habaspamba)','2015-04-05 20:53:37','2015-04-06 01:53:37',190),(846,'Calacali','2015-04-05 20:53:37','2015-04-06 01:53:37',190),(847,'Calderon (Carapungo)','2015-04-05 20:53:37','2015-04-06 01:53:37',190),(848,'Chavezpamba','2015-04-05 20:53:37','2015-04-06 01:53:37',190),(849,'Checa (Chilpa)','2015-04-05 20:53:37','2015-04-06 01:53:37',190),(850,'Conocoto','2015-04-05 20:53:38','2015-04-06 01:53:38',190),(851,'Cumbaya','2015-04-05 20:53:38','2015-04-06 01:53:38',190),(852,'El Quinche','2015-04-05 20:53:38','2015-04-06 01:53:38',190),(853,'Gualea','2015-04-05 20:53:38','2015-04-06 01:53:38',190),(854,'Guangopolo','2015-04-05 20:53:38','2015-04-06 01:53:38',190),(855,'Guayllabamba','2015-04-05 20:53:38','2015-04-06 01:53:38',190),(856,'La Merced','2015-04-05 20:53:38','2015-04-06 01:53:38',190),(857,'Llano Chico','2015-04-05 20:53:38','2015-04-06 01:53:38',190),(858,'Lloa','2015-04-05 20:53:38','2015-04-06 01:53:38',190),(859,'Nanegal','2015-04-05 20:53:38','2015-04-06 01:53:38',190),(860,'Nanegalito','2015-04-05 20:53:38','2015-04-06 01:53:38',190),(861,'Nayon','2015-04-05 20:53:38','2015-04-06 01:53:38',190),(862,'Nono','2015-04-05 20:53:38','2015-04-06 01:53:38',190),(863,'Pacto','2015-04-05 20:53:38','2015-04-06 01:53:38',190),(864,'Perucho','2015-04-05 20:53:38','2015-04-06 01:53:38',190),(865,'Pifo','2015-04-05 20:53:39','2015-04-06 01:53:39',190),(866,'Pintag','2015-04-05 20:53:39','2015-04-06 01:53:39',190),(867,'Pomasqui','2015-04-05 20:53:39','2015-04-06 01:53:39',190),(868,'Puellaro','2015-04-05 20:53:39','2015-04-06 01:53:39',190),(869,'Puembo','2015-04-05 20:53:39','2015-04-06 01:53:39',190),(870,'Quito','2015-04-05 20:53:39','2015-04-06 01:53:39',190),(871,'San Antonio','2015-04-05 20:53:39','2015-04-06 01:53:39',190),(872,'San Jose De Minas','2015-04-05 20:53:39','2015-04-06 01:53:39',190),(873,'Tababela','2015-04-05 20:53:39','2015-04-06 01:53:39',190),(874,'Tumbaco','2015-04-05 20:53:39','2015-04-06 01:53:39',190),(875,'Yaruqui','2015-04-05 20:53:39','2015-04-06 01:53:39',190),(876,'Zambiza','2015-04-05 20:53:39','2015-04-06 01:53:39',190),(877,'Cotogchoa','2015-04-05 20:53:39','2015-04-06 01:53:39',191),(878,'Rumipamba','2015-04-05 20:53:40','2015-04-06 01:53:40',191),(879,'Sangolqui','2015-04-05 20:53:40','2015-04-06 01:53:40',191),(880,'Mindo','2015-04-05 20:53:40','2015-04-06 01:53:40',192),(881,'San Miguel De Los Bancos','2015-04-05 20:53:40','2015-04-06 01:53:40',192),(882,'La Libertad','2015-04-05 20:53:40','2015-04-06 01:53:40',193),(883,'Anconcito','2015-04-05 20:53:40','2015-04-06 01:53:40',194),(884,'Jose Luis Tamayo','2015-04-05 20:53:40','2015-04-06 01:53:40',194),(885,'Salinas','2015-04-05 20:53:40','2015-04-06 01:53:40',194),(886,'Atahualpa','2015-04-05 20:53:40','2015-04-06 01:53:40',195),(887,'Chanduy','2015-04-05 20:53:40','2015-04-06 01:53:40',195),(888,'Colonche','2015-04-05 20:53:40','2015-04-06 01:53:40',195),(889,'Manglaralto','2015-04-05 20:53:40','2015-04-06 01:53:40',195),(890,'San Jose De Ancon','2015-04-05 20:53:40','2015-04-06 01:53:40',195),(891,'Santa Elena','2015-04-05 20:53:40','2015-04-06 01:53:40',195),(892,'Simon Bolivar','2015-04-05 20:53:40','2015-04-06 01:53:40',195),(893,'Alluriquin','2015-04-05 20:53:40','2015-04-06 01:53:40',196),(894,'El Esfuerzo','2015-04-05 20:53:40','2015-04-06 01:53:40',196),(895,'Luz De America','2015-04-05 20:53:40','2015-04-06 01:53:40',196),(896,'Puerto Limon','2015-04-05 20:53:40','2015-04-06 01:53:40',196),(897,'San Jacinto Del Bua','2015-04-05 20:53:40','2015-04-06 01:53:40',196),(898,'Santa Maria Del Toachi','2015-04-05 20:53:40','2015-04-06 01:53:40',196),(899,'Santo Domingo De Los Colorados','2015-04-05 20:53:40','2015-04-06 01:53:40',196),(900,'Valle Hermoso','2015-04-05 20:53:40','2015-04-06 01:53:40',196),(901,'El Dorado De Cascales','2015-04-05 20:53:40','2015-04-06 01:53:40',197),(902,'Santa Rosa De Sucumbios','2015-04-05 20:53:40','2015-04-06 01:53:40',197),(903,'Sevilla','2015-04-05 20:53:40','2015-04-06 01:53:40',197),(904,'Aguas Negras','2015-04-05 20:53:40','2015-04-06 01:53:40',198),(905,'Cuyabeno','2015-04-05 20:53:40','2015-04-06 01:53:40',198),(906,'Tarapoa','2015-04-05 20:53:40','2015-04-06 01:53:40',198),(907,'El Reventador','2015-04-05 20:53:40','2015-04-06 01:53:40',199),(908,'Gonzalo Pizarro','2015-04-05 20:53:41','2015-04-06 01:53:41',199),(909,'Lumbaqui','2015-04-05 20:53:41','2015-04-06 01:53:41',199),(910,'Puerto Libre','2015-04-05 20:53:41','2015-04-06 01:53:41',199),(911,'Dureno','2015-04-05 20:53:41','2015-04-06 01:53:41',200),(912,'El Eno','2015-04-05 20:53:41','2015-04-06 01:53:41',200),(913,'General Farfan','2015-04-05 20:53:41','2015-04-06 01:53:41',200),(914,'Jambeli','2015-04-05 20:53:41','2015-04-06 01:53:41',200),(915,'Nueva Loja','2015-04-05 20:53:41','2015-04-06 01:53:41',200),(916,'Pacayacu','2015-04-05 20:53:41','2015-04-06 01:53:41',200),(917,'Sta. Cecilia','2015-04-05 20:53:41','2015-04-06 01:53:41',200),(918,'Palma Roja','2015-04-05 20:53:41','2015-04-06 01:53:41',201),(919,'Puerto Bolivar','2015-04-05 20:53:41','2015-04-06 01:53:41',201),(920,'Puerto El Carmen Del Putumayo','2015-04-05 20:53:41','2015-04-06 01:53:41',201),(921,'Puerto Rodriguez','2015-04-05 20:53:41','2015-04-06 01:53:41',201),(922,'Santa Elena','2015-04-05 20:53:41','2015-04-06 01:53:41',201),(923,'Limoncocha','2015-04-05 20:53:41','2015-04-06 01:53:41',202),(924,'Pañacocha','2015-04-05 20:53:41','2015-04-06 01:53:41',202),(925,'San Pedro De Los Cofanes','2015-04-05 20:53:41','2015-04-06 01:53:41',202),(926,'San Roque','2015-04-05 20:53:41','2015-04-06 01:53:41',202),(927,'Shushufindi','2015-04-05 20:53:41','2015-04-06 01:53:41',202),(928,'Siete De Julio','2015-04-05 20:53:41','2015-04-06 01:53:41',202),(929,'El Playon De San Francis','2015-04-05 20:53:41','2015-04-06 01:53:41',203),(930,'La Bonita','2015-04-05 20:53:41','2015-04-06 01:53:41',203),(931,'La Sofia','2015-04-05 20:53:41','2015-04-06 01:53:41',203),(932,'Rosa Florida','2015-04-05 20:53:41','2015-04-06 01:53:41',203),(933,'Santa Barbara','2015-04-05 20:53:41','2015-04-06 01:53:41',203),(934,'Ambatillo','2015-04-05 20:53:41','2015-04-06 01:53:41',204),(935,'Ambato','2015-04-05 20:53:41','2015-04-06 01:53:41',204),(936,'Atahualpa (Chisalata)','2015-04-05 20:53:41','2015-04-06 01:53:41',204),(937,'Augusto N. Martinez','2015-04-05 20:53:41','2015-04-06 01:53:41',204),(938,'Constantino Fernandez','2015-04-05 20:53:41','2015-04-06 01:53:41',204),(939,'Cunchibamba','2015-04-05 20:53:41','2015-04-06 01:53:41',204),(940,'Huachi Grande','2015-04-05 20:53:41','2015-04-06 01:53:41',204),(941,'Izamba','2015-04-05 20:53:41','2015-04-06 01:53:41',204),(942,'Juan Benigno Vela','2015-04-05 20:53:41','2015-04-06 01:53:41',204),(943,'Montalvo','2015-04-05 20:53:41','2015-04-06 01:53:41',204),(944,'Pasa','2015-04-05 20:53:41','2015-04-06 01:53:41',204),(945,'Picaigua','2015-04-05 20:53:42','2015-04-06 01:53:42',204),(946,'Pilaguin (Pilahuin)','2015-04-05 20:53:42','2015-04-06 01:53:42',204),(947,'Quisapincha (Quizapincha)','2015-04-05 20:53:42','2015-04-06 01:53:42',204),(948,'San Bartolome De Pinllog','2015-04-05 20:53:42','2015-04-06 01:53:42',204),(949,'San Fernando','2015-04-05 20:53:42','2015-04-06 01:53:42',204),(950,'Santa Rosa','2015-04-05 20:53:42','2015-04-06 01:53:42',204),(951,'Totoras','2015-04-05 20:53:42','2015-04-06 01:53:42',204),(952,'Unamuncho','2015-04-05 20:53:42','2015-04-06 01:53:42',204),(953,'Baños','2015-04-05 20:53:42','2015-04-06 01:53:42',205),(954,'Lligua','2015-04-05 20:53:42','2015-04-06 01:53:42',205),(955,'Rio Negro','2015-04-05 20:53:42','2015-04-06 01:53:42',205),(956,'Rio Verde','2015-04-05 20:53:42','2015-04-06 01:53:42',205),(957,'Ulba','2015-04-05 20:53:42','2015-04-06 01:53:42',205),(958,'Cevallos','2015-04-05 20:53:42','2015-04-06 01:53:42',206),(959,'Mocha','2015-04-05 20:53:42','2015-04-06 01:53:42',207),(960,'Pinguili','2015-04-05 20:53:42','2015-04-06 01:53:42',207),(961,'El Triunfo','2015-04-05 20:53:42','2015-04-06 01:53:42',208),(962,'Los Andes','2015-04-05 20:53:42','2015-04-06 01:53:42',208),(963,'Patate','2015-04-05 20:53:42','2015-04-06 01:53:42',208),(964,'Sucre','2015-04-05 20:53:42','2015-04-06 01:53:42',208),(965,'Quero','2015-04-05 20:53:42','2015-04-06 01:53:42',209),(966,'Rumipamba','2015-04-05 20:53:42','2015-04-06 01:53:42',209),(967,'Yanayacu - Mochapata','2015-04-05 20:53:42','2015-04-06 01:53:42',209),(968,'Benitez (Pachanlica)','2015-04-05 20:53:42','2015-04-06 01:53:42',210),(969,'Bolivar','2015-04-05 20:53:42','2015-04-06 01:53:42',210),(970,'Chiquicha','2015-04-05 20:53:42','2015-04-06 01:53:42',210),(971,'Cotalo','2015-04-05 20:53:43','2015-04-06 01:53:43',210),(972,'El Rosario (Rumichaca)','2015-04-05 20:53:43','2015-04-06 01:53:43',210),(973,'Garcia Moreno (Chumaqui)','2015-04-05 20:53:43','2015-04-06 01:53:43',210),(974,'Guambalo (Huambalo)','2015-04-05 20:53:43','2015-04-06 01:53:43',210),(975,'Pelileo','2015-04-05 20:53:43','2015-04-06 01:53:43',210),(976,'Salasaca','2015-04-05 20:53:43','2015-04-06 01:53:43',210),(977,'Baquerizo Moreno','2015-04-05 20:53:43','2015-04-06 01:53:43',211),(978,'Emilio Maria Teran','2015-04-05 20:53:43','2015-04-06 01:53:43',211),(979,'Marcos Espinel (Chacata)','2015-04-05 20:53:43','2015-04-06 01:53:43',211),(980,'Pillaro','2015-04-05 20:53:43','2015-04-06 01:53:43',211),(981,'Presidente Urbina','2015-04-05 20:53:43','2015-04-06 01:53:43',211),(982,'San Andres','2015-04-05 20:53:43','2015-04-06 01:53:43',211),(983,'San Jose De Poalo','2015-04-05 20:53:43','2015-04-06 01:53:43',211),(984,'San Miguelito','2015-04-05 20:53:43','2015-04-06 01:53:43',211),(985,'Quinchicoto','2015-04-05 20:53:43','2015-04-06 01:53:43',212),(986,'Tisaleo','2015-04-05 20:53:43','2015-04-06 01:53:43',212),(987,'Zumbi','2015-04-05 20:53:43','2015-04-06 01:53:43',213),(988,'Chito','2015-04-05 20:53:43','2015-04-06 01:53:43',214),(989,'El Chorro','2015-04-05 20:53:43','2015-04-06 01:53:43',214),(990,'La Chonta','2015-04-05 20:53:43','2015-04-06 01:53:43',214),(991,'Pucapamba','2015-04-05 20:53:43','2015-04-06 01:53:43',214),(992,'San Andres','2015-04-05 20:53:44','2015-04-06 01:53:44',214),(993,'Zumba','2015-04-05 20:53:44','2015-04-06 01:53:44',214),(994,'El Guismi','2015-04-05 20:53:44','2015-04-06 01:53:44',215),(995,'El Pangui','2015-04-05 20:53:44','2015-04-06 01:53:44',215),(996,'Pachicutza','2015-04-05 20:53:44','2015-04-06 01:53:44',215),(997,'Tundayme','2015-04-05 20:53:44','2015-04-06 01:53:44',215),(998,'Guayzimi','2015-04-05 20:53:44','2015-04-06 01:53:44',216),(999,'Nuevo Paraiso','2015-04-05 20:53:44','2015-04-06 01:53:44',216),(1000,'Zurmi','2015-04-05 20:53:44','2015-04-06 01:53:44',216),(1001,'El Porvenir Del Carmen','2015-04-05 20:53:44','2015-04-06 01:53:44',217),(1002,'La Canela','2015-04-05 20:53:44','2015-04-06 01:53:44',217),(1003,'Palanda','2015-04-05 20:53:44','2015-04-06 01:53:44',217),(1004,'San Francisco De Vergel','2015-04-05 20:53:44','2015-04-06 01:53:44',217),(1005,'Valladolid','2015-04-05 20:53:44','2015-04-06 01:53:44',217),(1006,'Bellavista','2015-04-05 20:53:44','2015-04-06 01:53:44',218),(1007,'Nuevo Quito','2015-04-05 20:53:44','2015-04-06 01:53:44',218),(1008,'Paquisha','2015-04-05 20:53:44','2015-04-06 01:53:44',218),(1009,'28 De Mayo','2015-04-05 20:53:45','2015-04-06 01:53:45',219),(1010,'La Paz','2015-04-05 20:53:45','2015-04-06 01:53:45',219),(1011,'Tutupali','2015-04-05 20:53:45','2015-04-06 01:53:45',219),(1012,'Chicaña','2015-04-05 20:53:45','2015-04-06 01:53:45',220),(1013,'Los Encuentros','2015-04-05 20:53:45','2015-04-06 01:53:45',220),(1014,'Yanzatza','2015-04-05 20:53:45','2015-04-06 01:53:45',220),(1015,'Cumbaratza','2015-04-05 20:53:45','2015-04-06 01:53:45',221),(1016,'Guadalupe','2015-04-05 20:53:45','2015-04-06 01:53:45',221),(1017,'Imbana','2015-04-05 20:53:45','2015-04-06 01:53:45',221),(1018,'Sabanilla','2015-04-05 20:53:45','2015-04-06 01:53:45',221),(1019,'San Carlos De Las Minas','2015-04-05 20:53:45','2015-04-06 01:53:45',221),(1020,'Timbara','2015-04-05 20:53:45','2015-04-06 01:53:45',221),(1021,'Zamora','2015-04-05 20:53:45','2015-04-06 01:53:45',221),(1022,'El Piedrero','2015-04-05 20:53:45','2015-04-06 01:53:45',222),(1023,'Las Golondrinas','2015-04-05 20:53:45','2015-04-06 01:53:45',223),(1024,'Manga Del Cura','2015-04-05 20:53:46','2015-04-06 01:53:46',224);
/*!40000 ALTER TABLE `parroquias` ENABLE KEYS */;
UNLOCK TABLES;

--
-- Table structure for table `periodos_salida`
--

DROP TABLE IF EXISTS `periodos_salida`;
/*!40101 SET @saved_cs_client     = @@character_set_client */;
/*!40101 SET character_set_client = utf8 */;
CREATE TABLE `periodos_salida` (
  `PRD_ID` int(11) NOT NULL AUTO_INCREMENT,
  `PRD_FECHA_INICIO` date NOT NULL,
  `PRD_FECHA_FIN` date NOT NULL,
  `PRD_HORA_INICIO` time NOT NULL,
  `PRD_HORA_FIN` time NOT NULL,
  `PRD_ESTADO` tinyint(1) NOT NULL DEFAULT '1',
  `CREADO` datetime NOT NULL DEFAULT '0000-00-00 00:00:00',
  `PRD_MODIFICADO` timestamp NOT NULL DEFAULT CURRENT_TIMESTAMP ON UPDATE CURRENT_TIMESTAMP,
  `EMPLEADO_ID` int(11) NOT NULL,
  `TIPO_PERMISO_ID` int(11) NOT NULL,
  PRIMARY KEY (`PRD_ID`),
  KEY `FK_EMPLEADO_PERIODO_ID` (`EMPLEADO_ID`),
  KEY `FK_TIPO_PERMISO_ID` (`TIPO_PERMISO_ID`),
  CONSTRAINT `FK_EMPLEADO_PERIODO_ID` FOREIGN KEY (`EMPLEADO_ID`) REFERENCES `empleados` (`EMP_ID`),
  CONSTRAINT `FK_TIPO_PERMISO_ID` FOREIGN KEY (`TIPO_PERMISO_ID`) REFERENCES `tipos_permiso` (`TPP_ID`)
) ENGINE=InnoDB AUTO_INCREMENT=5 DEFAULT CHARSET=utf8;
/*!40101 SET character_set_client = @saved_cs_client */;

--
-- Dumping data for table `periodos_salida`
--

LOCK TABLES `periodos_salida` WRITE;
/*!40000 ALTER TABLE `periodos_salida` DISABLE KEYS */;
INSERT INTO `periodos_salida` VALUES (1,'2015-06-01','2015-06-08','00:00:00','00:00:00',1,'2015-06-22 12:29:56','2015-06-22 17:30:27',1,3),(2,'2015-08-07','2015-08-14','00:00:00','00:00:00',1,'2015-06-22 18:19:15','2015-06-22 23:19:15',1,2),(3,'2015-09-01','2015-09-01','04:20:00','10:05:00',1,'2015-06-22 18:20:43','2015-06-22 23:20:43',1,3),(4,'2015-07-04','2015-07-07','00:00:00','00:00:00',1,'2015-06-22 19:37:21','2015-06-23 00:37:21',1,2);
/*!40000 ALTER TABLE `periodos_salida` ENABLE KEYS */;
UNLOCK TABLES;

--
-- Table structure for table `permisos`
--

DROP TABLE IF EXISTS `permisos`;
/*!40101 SET @saved_cs_client     = @@character_set_client */;
/*!40101 SET character_set_client = utf8 */;
CREATE TABLE `permisos` (
  `PRM_ID` int(11) NOT NULL AUTO_INCREMENT,
  `ROL_ID` int(11) NOT NULL,
  `MODULO_ID` int(11) DEFAULT NULL,
  `ACCION_ID` int(11) DEFAULT NULL,
  `ACTIVADO` tinyint(1) NOT NULL DEFAULT '1',
  `CREADO` datetime NOT NULL DEFAULT '0000-00-00 00:00:00',
  `MODIFICADO` timestamp NOT NULL DEFAULT CURRENT_TIMESTAMP ON UPDATE CURRENT_TIMESTAMP,
  PRIMARY KEY (`PRM_ID`),
  UNIQUE KEY `UK_PERMISO` (`ROL_ID`,`MODULO_ID`,`ACCION_ID`),
  KEY `FK_MODULO_ID` (`MODULO_ID`),
  KEY `FK_ACCION_ID` (`ACCION_ID`),
  KEY `FK_ROL_ID` (`ROL_ID`),
  CONSTRAINT `FK_ACCION_ID` FOREIGN KEY (`ACCION_ID`) REFERENCES `acciones` (`ACC_ID`),
  CONSTRAINT `FK_MODULO_ID` FOREIGN KEY (`MODULO_ID`) REFERENCES `modulos` (`MDL_ID`) ON DELETE CASCADE ON UPDATE CASCADE,
  CONSTRAINT `FK_ROL_ID` FOREIGN KEY (`ROL_ID`) REFERENCES `roles` (`RLS_ID`)
) ENGINE=InnoDB AUTO_INCREMENT=56 DEFAULT CHARSET=utf8;
/*!40101 SET character_set_client = @saved_cs_client */;

--
-- Dumping data for table `permisos`
--

LOCK TABLES `permisos` WRITE;
/*!40000 ALTER TABLE `permisos` DISABLE KEYS */;
INSERT INTO `permisos` VALUES (1,1,1,1,1,'2015-06-15 03:29:53','2015-06-15 08:29:53'),(2,1,8,1,1,'2015-06-15 03:29:53','2015-06-15 08:29:53'),(4,1,12,1,1,'2015-06-15 03:29:53','2015-06-15 08:29:53'),(5,1,1,2,1,'2015-06-15 03:29:53','2015-06-15 08:29:53'),(6,1,8,2,1,'2015-06-15 03:29:53','2015-06-15 08:29:53'),(8,1,12,2,1,'2015-06-15 03:29:53','2015-06-15 08:29:53'),(9,1,13,2,1,'2015-06-15 03:29:53','2015-06-15 08:29:53'),(10,1,14,2,1,'2015-06-15 03:29:53','2015-06-15 08:29:53'),(11,1,15,2,1,'2015-06-15 03:29:53','2015-06-15 08:29:53'),(12,1,1,3,1,'2015-06-15 03:29:53','2015-06-15 08:29:53'),(13,1,8,3,1,'2015-06-15 03:29:53','2015-06-15 08:29:53'),(15,1,12,3,1,'2015-06-15 03:29:53','2015-06-15 08:29:53'),(16,2,1,2,1,'2015-06-15 03:29:53','2015-06-15 08:29:53'),(17,2,8,2,1,'2015-06-15 03:29:53','2015-06-15 08:29:53'),(19,2,9,2,1,'2015-06-15 03:29:53','2015-06-15 08:29:53'),(20,2,10,2,1,'2015-06-15 03:29:54','2015-06-15 08:29:54'),(21,1,14,3,1,'2015-06-15 03:29:54','2015-06-15 08:29:54'),(22,1,15,1,1,'2015-06-15 03:29:54','2015-06-15 08:29:54'),(23,1,15,3,1,'2015-06-15 03:29:54','2015-06-15 08:29:54'),(24,1,9,1,1,'2015-06-15 03:29:54','2015-06-15 08:29:54'),(25,1,9,3,1,'2015-06-15 03:29:54','2015-06-15 08:29:54'),(26,1,9,2,1,'2015-06-15 03:29:54','2015-06-15 08:29:54'),(27,1,10,1,1,'2015-06-15 03:29:54','2015-06-15 08:29:54'),(28,1,10,3,1,'2015-06-15 03:29:54','2015-06-15 08:29:54'),(29,1,10,2,1,'2015-06-15 03:29:54','2015-06-15 08:29:54'),(30,1,11,1,1,'2015-06-15 03:29:54','2015-06-15 08:29:54'),(31,1,11,3,1,'2015-06-15 03:29:54','2015-06-15 08:29:54'),(32,1,11,2,1,'2015-06-15 03:29:54','2015-06-15 08:29:54'),(33,1,2,1,1,'2015-06-21 02:51:44','2015-06-21 07:51:44'),(34,1,2,2,1,'2015-06-21 02:51:44','2015-06-21 07:51:44'),(35,1,2,3,1,'2015-06-21 02:51:44','2015-06-21 07:51:44'),(36,1,5,1,1,'2015-06-21 02:51:44','2015-06-21 07:51:44'),(37,1,5,2,1,'2015-06-21 02:51:44','2015-06-21 07:51:44'),(38,1,5,3,1,'2015-06-21 02:51:44','2015-06-21 07:51:44'),(39,1,7,1,1,'2015-06-21 02:51:44','2015-06-21 07:51:44'),(40,1,7,2,1,'2015-06-21 02:51:44','2015-06-21 07:51:44'),(41,1,7,3,1,'2015-06-21 02:51:44','2015-06-21 07:51:44'),(42,1,3,1,1,'2015-06-21 02:51:44','2015-06-21 07:51:44'),(43,1,3,2,1,'2015-06-21 02:51:44','2015-06-21 07:51:44'),(44,1,3,3,1,'2015-06-21 02:51:44','2015-06-21 07:51:44'),(45,1,6,1,1,'2015-06-21 02:51:44','2015-06-21 07:51:44'),(46,1,6,2,1,'2015-06-21 02:51:44','2015-06-21 07:51:44'),(47,1,6,3,1,'2015-06-21 02:51:44','2015-06-21 07:51:44'),(48,2,4,1,1,'2015-06-21 02:51:44','2015-06-22 23:44:44'),(49,2,4,2,1,'2015-06-21 02:51:44','2015-06-22 23:46:42'),(50,2,4,3,1,'2015-06-21 02:51:45','2015-06-22 23:45:41'),(54,2,1,3,1,'0000-00-00 00:00:00','2015-06-22 08:27:18'),(55,1,8,4,1,'0000-00-00 00:00:00','2015-06-22 21:58:53');
/*!40000 ALTER TABLE `permisos` ENABLE KEYS */;
UNLOCK TABLES;

--
-- Table structure for table `provincias`
--

DROP TABLE IF EXISTS `provincias`;
/*!40101 SET @saved_cs_client     = @@character_set_client */;
/*!40101 SET character_set_client = utf8 */;
CREATE TABLE `provincias` (
  `PRV_ID` int(11) NOT NULL AUTO_INCREMENT,
  `PRV_NOMBRE` varchar(60) DEFAULT NULL,
  `CREADO` datetime NOT NULL DEFAULT '0000-00-00 00:00:00',
  `PRV_MODIFICADO` timestamp NOT NULL DEFAULT CURRENT_TIMESTAMP ON UPDATE CURRENT_TIMESTAMP,
  PRIMARY KEY (`PRV_ID`)
) ENGINE=InnoDB AUTO_INCREMENT=26 DEFAULT CHARSET=utf8;
/*!40101 SET character_set_client = @saved_cs_client */;

--
-- Dumping data for table `provincias`
--

LOCK TABLES `provincias` WRITE;
/*!40000 ALTER TABLE `provincias` DISABLE KEYS */;
INSERT INTO `provincias` VALUES (1,'Azuay','2015-04-05 16:21:38','2015-04-05 21:21:38'),(2,'Bolivar','2015-04-05 16:22:14','2015-04-05 21:22:14'),(3,'Cañar','2015-04-05 16:22:14','2015-04-05 21:22:14'),(4,'Carchi','2015-04-05 16:22:14','2015-04-05 21:22:14'),(5,'Chimborazo','2015-04-05 16:22:14','2015-04-05 21:22:14'),(6,'Cotopaxi','2015-04-05 16:22:14','2015-04-05 21:22:14'),(7,'El Oro','2015-04-05 16:22:14','2015-04-05 21:22:14'),(8,'Esmeraldas','2015-04-05 16:22:14','2015-04-05 21:22:14'),(9,'Galápagos','2015-04-05 16:22:14','2015-04-05 21:22:14'),(10,'Guayas','2015-04-05 16:22:14','2015-04-05 21:22:14'),(11,'Imbabura','2015-04-05 16:22:14','2015-04-05 21:22:14'),(12,'Loja','2015-04-05 16:22:14','2015-04-05 21:22:14'),(13,'Los Rios','2015-04-05 16:22:14','2015-04-05 21:22:14'),(14,'Manabi','2015-04-05 16:22:14','2015-04-05 21:22:14'),(15,'Morona Santiago','2015-04-05 16:22:14','2015-04-05 21:22:14'),(16,'Napo','2015-04-05 16:22:14','2015-04-05 21:22:14'),(17,'Orellana','2015-04-05 16:22:14','2015-04-05 21:22:14'),(18,'Pastaza','2015-04-05 16:22:14','2015-04-05 21:22:14'),(19,'Pichincha','2015-04-05 16:22:14','2015-04-05 21:22:14'),(20,'Santa Elena','2015-04-05 16:22:14','2015-04-05 21:22:14'),(21,'Santo Domingo','2015-04-05 16:22:14','2015-04-05 21:22:14'),(22,'Sucumbíos','2015-04-05 16:22:14','2015-04-05 21:22:14'),(23,'Tungurahua','2015-04-05 16:22:14','2015-04-05 21:22:14'),(24,'Zamora Chinchipe','2015-04-05 16:22:14','2015-04-05 21:22:14'),(25,'Zonas No Delimitadas','2015-04-05 16:22:14','2015-04-05 21:22:14');
/*!40000 ALTER TABLE `provincias` ENABLE KEYS */;
UNLOCK TABLES;

--
-- Table structure for table `proyectos`
--

DROP TABLE IF EXISTS `proyectos`;
/*!40101 SET @saved_cs_client     = @@character_set_client */;
/*!40101 SET character_set_client = utf8 */;
CREATE TABLE `proyectos` (
  `PRY_ID` int(11) NOT NULL AUTO_INCREMENT,
  `PRY_NOMBRE` varchar(100) DEFAULT NULL,
  `CREADO` datetime NOT NULL DEFAULT '0000-00-00 00:00:00',
  `PRY_MODIFICADO` timestamp NOT NULL DEFAULT CURRENT_TIMESTAMP ON UPDATE CURRENT_TIMESTAMP,
  PRIMARY KEY (`PRY_ID`)
) ENGINE=InnoDB DEFAULT CHARSET=utf8;
/*!40101 SET character_set_client = @saved_cs_client */;

--
-- Dumping data for table `proyectos`
--

LOCK TABLES `proyectos` WRITE;
/*!40000 ALTER TABLE `proyectos` DISABLE KEYS */;
/*!40000 ALTER TABLE `proyectos` ENABLE KEYS */;
UNLOCK TABLES;

--
-- Table structure for table `roles`
--

DROP TABLE IF EXISTS `roles`;
/*!40101 SET @saved_cs_client     = @@character_set_client */;
/*!40101 SET character_set_client = utf8 */;
CREATE TABLE `roles` (
  `RLS_ID` int(11) NOT NULL AUTO_INCREMENT,
  `RLS_DESCRIPCION` varchar(50) COLLATE utf8_bin NOT NULL,
  `ACTIVADO` tinyint(1) NOT NULL DEFAULT '1',
  `CREADO` datetime NOT NULL DEFAULT '0000-00-00 00:00:00',
  `MODIFICADO` timestamp NOT NULL DEFAULT CURRENT_TIMESTAMP ON UPDATE CURRENT_TIMESTAMP,
  PRIMARY KEY (`RLS_ID`)
) ENGINE=InnoDB AUTO_INCREMENT=4 DEFAULT CHARSET=utf8 COLLATE=utf8_bin;
/*!40101 SET character_set_client = @saved_cs_client */;

--
-- Dumping data for table `roles`
--

LOCK TABLES `roles` WRITE;
/*!40000 ALTER TABLE `roles` DISABLE KEYS */;
INSERT INTO `roles` VALUES (1,'Administrador',1,'2015-03-31 00:42:12','2015-03-31 05:42:12'),(2,'Empleado',1,'2015-03-31 00:42:43','2015-03-31 05:42:43'),(3,'Sin permisos',1,'0000-00-00 00:00:00','2015-04-10 01:11:11');
/*!40000 ALTER TABLE `roles` ENABLE KEYS */;
UNLOCK TABLES;

--
-- Table structure for table `tarjetas`
--

DROP TABLE IF EXISTS `tarjetas`;
/*!40101 SET @saved_cs_client     = @@character_set_client */;
/*!40101 SET character_set_client = utf8 */;
CREATE TABLE `tarjetas` (
  `TRJ_ID` int(11) NOT NULL AUTO_INCREMENT,
  `TRJ_1_VALOR` varchar(255) NOT NULL,
  `TRJ_1_ESTADO` tinyint(1) NOT NULL DEFAULT '1',
  `TRJ_2_VALOR` varchar(255) NOT NULL,
  `TRJ_2_ESTADO` tinyint(1) NOT NULL DEFAULT '1',
  `TRJ_3_VALOR` varchar(255) NOT NULL,
  `TRJ_3_ESTADO` tinyint(1) NOT NULL DEFAULT '1',
  `TRJ_4_VALOR` varchar(255) NOT NULL,
  `TRJ_4_ESTADO` tinyint(1) NOT NULL DEFAULT '1',
  `TRJ_5_VALOR` varchar(255) NOT NULL,
  `TRJ_5_ESTADO` tinyint(1) NOT NULL DEFAULT '1',
  `TRJ_6_VALOR` varchar(255) NOT NULL,
  `TRJ_6_ESTADO` tinyint(1) NOT NULL DEFAULT '1',
  `TRJ_7_VALOR` varchar(255) NOT NULL,
  `TRJ_7_ESTADO` tinyint(1) NOT NULL DEFAULT '1',
  `TRJ_8_VALOR` varchar(255) NOT NULL,
  `TRJ_8_ESTADO` tinyint(1) NOT NULL DEFAULT '1',
  `TRJ_9_VALOR` varchar(255) NOT NULL,
  `TRJ_9_ESTADO` tinyint(1) NOT NULL DEFAULT '1',
  `TRJ_10_VALOR` varchar(255) NOT NULL,
  `TRJ_10_ESTADO` tinyint(1) NOT NULL DEFAULT '1',
  `CREADO` datetime NOT NULL DEFAULT '0000-00-00 00:00:00',
  `TRJ_MODIFICADO` timestamp NOT NULL DEFAULT CURRENT_TIMESTAMP ON UPDATE CURRENT_TIMESTAMP,
  `EMPLEADO_ID` int(11) NOT NULL,
  PRIMARY KEY (`TRJ_ID`),
  KEY `FK_TRJ_EMPLEADO_ID` (`EMPLEADO_ID`),
  CONSTRAINT `FK_TRJ_EMPLEADO_ID` FOREIGN KEY (`EMPLEADO_ID`) REFERENCES `empleados` (`EMP_ID`) ON DELETE CASCADE ON UPDATE CASCADE
) ENGINE=InnoDB AUTO_INCREMENT=18 DEFAULT CHARSET=utf8;
/*!40101 SET character_set_client = @saved_cs_client */;

--
-- Dumping data for table `tarjetas`
--

LOCK TABLES `tarjetas` WRITE;
/*!40000 ALTER TABLE `tarjetas` DISABLE KEYS */;
INSERT INTO `tarjetas` VALUES (15,'$2y$10$FDjTSyPI7bUuNW3JiFpBXOQRV4Y6TxWyG/H1mZ3Yrm0blk6yrbcaG',1,'$2y$10$63.xjBZCW9BxqzXO3/QUveYx4UdYXJJ6P7vMPTPbn53uSXXA1jXPS',1,'$2y$10$RNSpja7RMumBx1Ug3cBpbOimXVlvvtXifLfFXYTFNZE.fcyu9a3OS',1,'$2y$10$1oH600z1CIMDnfDXANYUR.QLDxyABnuurlxV7lD9qTL44izQpciFW',1,'$2y$10$gYYndzhYG1PVamNz9hhXdOQGRCWPZEKHBz4xlFJFV.1mpMdhE0tTq',1,'$2y$10$LObmZnk0oxb5cN/v4kJxAeDt0Rcx0LsdHTsXw7t.Wc4FTCdVZELJ.',1,'$2y$10$/EIMr78MDd694Si1d7OGeOaA0mbuUXXY.0kKOoN.J8S8GT8rRL1qy',1,'$2y$10$DiXUbL/bBkRyx/eLWx5e/.UrxE8ApaJJSqkzJm9LwYjX9AvspNv3O',1,'$2y$10$Bix2E7QgjiNitC6YHSN8quqgc8vu2XcXfC7V0LT.i7JxiyQLect4a',1,'$2y$10$EeF4oL9Z6x9esEgWI47HduYwayLNTJK80lnse8jbZY20TIk4Ja1/C',1,'0000-00-00 00:00:00','2015-06-23 03:48:53',4);
/*!40000 ALTER TABLE `tarjetas` ENABLE KEYS */;
UNLOCK TABLES;

--
-- Table structure for table `telefonos`
--

DROP TABLE IF EXISTS `telefonos`;
/*!40101 SET @saved_cs_client     = @@character_set_client */;
/*!40101 SET character_set_client = utf8 */;
CREATE TABLE `telefonos` (
  `TLF_ID` int(11) NOT NULL AUTO_INCREMENT,
  `TLF_NUMERO` varchar(15) DEFAULT NULL,
  `TLF_CREADO` datetime NOT NULL DEFAULT '0000-00-00 00:00:00',
  `TLF_MODIFICADO` timestamp NOT NULL DEFAULT CURRENT_TIMESTAMP ON UPDATE CURRENT_TIMESTAMP,
  `EMPLEADO_ID` int(11) DEFAULT NULL,
  PRIMARY KEY (`TLF_ID`),
  KEY `FK_EMPLEADO_ID` (`EMPLEADO_ID`),
  CONSTRAINT `FK_EMPLEADO_ID` FOREIGN KEY (`EMPLEADO_ID`) REFERENCES `empleados` (`EMP_ID`)
) ENGINE=InnoDB DEFAULT CHARSET=utf8;
/*!40101 SET character_set_client = @saved_cs_client */;

--
-- Dumping data for table `telefonos`
--

LOCK TABLES `telefonos` WRITE;
/*!40000 ALTER TABLE `telefonos` DISABLE KEYS */;
/*!40000 ALTER TABLE `telefonos` ENABLE KEYS */;
UNLOCK TABLES;

--
-- Table structure for table `tipos_permiso`
--

DROP TABLE IF EXISTS `tipos_permiso`;
/*!40101 SET @saved_cs_client     = @@character_set_client */;
/*!40101 SET character_set_client = utf8 */;
CREATE TABLE `tipos_permiso` (
  `TPP_ID` int(11) NOT NULL AUTO_INCREMENT,
  `TPP_DESCRIPCION` varchar(50) NOT NULL,
  `TPP_ACTIVADO` tinyint(1) NOT NULL DEFAULT '1',
  `CREADO` datetime NOT NULL DEFAULT '0000-00-00 00:00:00',
  `TPP_MODIFICADO` timestamp NOT NULL DEFAULT CURRENT_TIMESTAMP ON UPDATE CURRENT_TIMESTAMP,
  PRIMARY KEY (`TPP_ID`)
) ENGINE=InnoDB AUTO_INCREMENT=4 DEFAULT CHARSET=utf8;
/*!40101 SET character_set_client = @saved_cs_client */;

--
-- Dumping data for table `tipos_permiso`
--

LOCK TABLES `tipos_permiso` WRITE;
/*!40000 ALTER TABLE `tipos_permiso` DISABLE KEYS */;
INSERT INTO `tipos_permiso` VALUES (1,'Paternidad',1,'2015-06-15 19:39:04','2015-06-16 00:39:04'),(2,'Calamidad Doméstica',1,'2015-06-15 19:40:43','2015-06-16 00:40:43'),(3,'Enfermedad',1,'2015-06-17 00:47:55','2015-06-17 05:47:55');
/*!40000 ALTER TABLE `tipos_permiso` ENABLE KEYS */;
UNLOCK TABLES;

--
-- Table structure for table `user_autologin`
--

DROP TABLE IF EXISTS `user_autologin`;
/*!40101 SET @saved_cs_client     = @@character_set_client */;
/*!40101 SET character_set_client = utf8 */;
CREATE TABLE `user_autologin` (
  `key_id` char(32) COLLATE utf8_bin NOT NULL,
  `user_id` int(11) NOT NULL DEFAULT '0',
  `user_agent` varchar(150) COLLATE utf8_bin NOT NULL,
  `last_ip` varchar(40) COLLATE utf8_bin NOT NULL,
  `last_login` timestamp NOT NULL DEFAULT CURRENT_TIMESTAMP ON UPDATE CURRENT_TIMESTAMP,
  PRIMARY KEY (`key_id`,`user_id`)
) ENGINE=InnoDB DEFAULT CHARSET=utf8 COLLATE=utf8_bin;
/*!40101 SET character_set_client = @saved_cs_client */;

--
-- Dumping data for table `user_autologin`
--

LOCK TABLES `user_autologin` WRITE;
/*!40000 ALTER TABLE `user_autologin` DISABLE KEYS */;
/*!40000 ALTER TABLE `user_autologin` ENABLE KEYS */;
UNLOCK TABLES;

--
-- Table structure for table `user_profiles`
--

DROP TABLE IF EXISTS `user_profiles`;
/*!40101 SET @saved_cs_client     = @@character_set_client */;
/*!40101 SET character_set_client = utf8 */;
CREATE TABLE `user_profiles` (
  `id` int(11) NOT NULL AUTO_INCREMENT,
  `user_id` int(11) NOT NULL,
  `country` varchar(20) CHARACTER SET utf8 COLLATE utf8_bin DEFAULT NULL,
  `website` varchar(255) CHARACTER SET utf8 COLLATE utf8_bin DEFAULT NULL,
  PRIMARY KEY (`id`)
) ENGINE=InnoDB DEFAULT CHARSET=utf8;
/*!40101 SET character_set_client = @saved_cs_client */;

--
-- Dumping data for table `user_profiles`
--

LOCK TABLES `user_profiles` WRITE;
/*!40000 ALTER TABLE `user_profiles` DISABLE KEYS */;
/*!40000 ALTER TABLE `user_profiles` ENABLE KEYS */;
UNLOCK TABLES;

--
-- Table structure for table `users`
--

DROP TABLE IF EXISTS `users`;
/*!40101 SET @saved_cs_client     = @@character_set_client */;
/*!40101 SET character_set_client = utf8 */;
CREATE TABLE `users` (
  `id` int(11) NOT NULL AUTO_INCREMENT,
  `username` varchar(50) CHARACTER SET utf8 COLLATE utf8_bin NOT NULL,
  `password` varchar(255) CHARACTER SET utf8 COLLATE utf8_bin NOT NULL,
  `email` varchar(100) CHARACTER SET utf8 COLLATE utf8_bin NOT NULL,
  `activated` tinyint(1) NOT NULL DEFAULT '1',
  `banned` tinyint(1) NOT NULL DEFAULT '0',
  `ban_reason` varchar(255) CHARACTER SET utf8 COLLATE utf8_bin DEFAULT NULL,
  `new_password_key` varchar(50) CHARACTER SET utf8 COLLATE utf8_bin DEFAULT NULL,
  `new_password_requested` datetime DEFAULT NULL,
  `new_email` varchar(100) CHARACTER SET utf8 COLLATE utf8_bin DEFAULT NULL,
  `new_email_key` varchar(50) CHARACTER SET utf8 COLLATE utf8_bin DEFAULT NULL,
  `last_ip` varchar(40) CHARACTER SET utf8 COLLATE utf8_bin NOT NULL,
  `last_login` datetime NOT NULL DEFAULT '0000-00-00 00:00:00',
  `created` datetime NOT NULL DEFAULT '0000-00-00 00:00:00',
  `modified` timestamp NOT NULL DEFAULT CURRENT_TIMESTAMP ON UPDATE CURRENT_TIMESTAMP,
  `group_id` int(11) NOT NULL DEFAULT '2',
  PRIMARY KEY (`id`),
  KEY `FK_ROL_USER_ID` (`group_id`),
  CONSTRAINT `FK_ROL_USER_ID` FOREIGN KEY (`group_id`) REFERENCES `roles` (`RLS_ID`)
) ENGINE=InnoDB AUTO_INCREMENT=6 DEFAULT CHARSET=utf8;
/*!40101 SET character_set_client = @saved_cs_client */;

--
-- Dumping data for table `users`
--

LOCK TABLES `users` WRITE;
/*!40000 ALTER TABLE `users` DISABLE KEYS */;
INSERT INTO `users` VALUES (1,'admin','$2a$08$hhroDoFe4DyNAkDPmrhoh./UzIjifcT/2pzApLoriRnNroeWFc2Tu','admin',1,0,NULL,NULL,NULL,NULL,'1eb29d2deb07b87d3d2db6f567bf683a','::1','2015-06-23 08:25:21','2015-03-15 01:30:16','2015-06-23 06:25:21',1),(2,'Usuario De Prueba A','$2a$08$SotdMIahxu5nZsM2HMkonOdV4ZpzeVd0rAB6UP//nozmN1DY/yKOO','by@hotmail.com',1,0,NULL,NULL,NULL,NULL,NULL,'::1','2015-06-23 01:06:08','2015-06-22 04:10:40','2015-06-23 00:33:21',2),(3,'Usuario A','$2a$08$M/xJrSwGiS/RxR6lZTONwOKXJJtHDNkqxHv7vHiC1CQhpD7w.lToa','byr@hotmail.co',0,0,NULL,NULL,NULL,NULL,'b67f2d930808fb48ec6451b71901f39d','192.168.1.2','0000-00-00 00:00:00','2015-06-22 12:43:38','2015-06-23 00:33:28',2),(4,'Usuario De Prueba B','$2a$08$k7vvtLEFJ5DQfWu/zXGHVOmsSRzpLIAt/ShXnwbVa/je7u3aiYYfq','byron.o2013@hotmail.com',0,0,NULL,NULL,NULL,NULL,'ea785b4c912dfae2d5d9b25d0ae35630','::1','0000-00-00 00:00:00','2015-06-22 19:27:49','2015-06-23 00:27:49',2),(5,'Usuario De Prueba C','$2a$08$3bli27bimuuFC5OequhJje4zHUqmS4VAQferomylsCxWqPeJ5fpkm','byr_070@hotmail.com',1,0,NULL,NULL,NULL,NULL,'e05eba72324befebea12c4bd08289689','::1','2015-06-23 05:44:50','2015-06-22 19:33:38','2015-06-23 03:44:50',2);
/*!40000 ALTER TABLE `users` ENABLE KEYS */;
UNLOCK TABLES;

--
-- Table structure for table `vacaciones`
--

DROP TABLE IF EXISTS `vacaciones`;
/*!40101 SET @saved_cs_client     = @@character_set_client */;
/*!40101 SET character_set_client = utf8 */;
CREATE TABLE `vacaciones` (
  `VCC_ID` int(11) NOT NULL AUTO_INCREMENT,
  `VCC_FECHA_INICIO` date NOT NULL,
  `VCC_FECHA_FIN` date NOT NULL,
  `VCC_DIAS_DISPONIBLES` int(11) NOT NULL,
  `VCC_ACTIVADO` tinyint(1) NOT NULL DEFAULT '1',
  `CREADO` datetime NOT NULL DEFAULT '0000-00-00 00:00:00',
  `VCC_MODIFICADO` timestamp NOT NULL DEFAULT CURRENT_TIMESTAMP ON UPDATE CURRENT_TIMESTAMP,
  `EMPLEADO_ID` int(11) NOT NULL,
  PRIMARY KEY (`VCC_ID`),
  KEY `FK_EMPLEADO_VACACION_ID` (`EMPLEADO_ID`),
  CONSTRAINT `FK_EMPLEADO_VACACION_ID` FOREIGN KEY (`EMPLEADO_ID`) REFERENCES `empleados` (`EMP_ID`)
) ENGINE=InnoDB AUTO_INCREMENT=4 DEFAULT CHARSET=utf8;
/*!40101 SET character_set_client = @saved_cs_client */;

--
-- Dumping data for table `vacaciones`
--

LOCK TABLES `vacaciones` WRITE;
/*!40000 ALTER TABLE `vacaciones` DISABLE KEYS */;
INSERT INTO `vacaciones` VALUES (1,'2015-06-16','2015-06-24',0,1,'2015-06-22 12:35:23','2015-06-22 17:35:23',1),(2,'2015-06-02','2015-06-04',0,1,'2015-06-22 12:35:36','2015-06-22 17:35:36',1),(3,'2015-07-04','2015-07-20',0,1,'2015-06-22 19:38:43','2015-06-23 00:38:43',1);
/*!40000 ALTER TABLE `vacaciones` ENABLE KEYS */;
UNLOCK TABLES;
/*!40103 SET TIME_ZONE=@OLD_TIME_ZONE */;

/*!40101 SET SQL_MODE=@OLD_SQL_MODE */;
/*!40014 SET FOREIGN_KEY_CHECKS=@OLD_FOREIGN_KEY_CHECKS */;
/*!40014 SET UNIQUE_CHECKS=@OLD_UNIQUE_CHECKS */;
/*!40101 SET CHARACTER_SET_CLIENT=@OLD_CHARACTER_SET_CLIENT */;
/*!40101 SET CHARACTER_SET_RESULTS=@OLD_CHARACTER_SET_RESULTS */;
/*!40101 SET COLLATION_CONNECTION=@OLD_COLLATION_CONNECTION */;
/*!40111 SET SQL_NOTES=@OLD_SQL_NOTES */;

-- Dump completed on 2015-06-23  1:28:39
